seed,hallucination_rate,controller,final_vhat,final_vtrue,viol_rate,conv_steps,pearson_r,spearman_r
42,0.0,no_damping,9.992007221626409e-16,260443896681.3372,0.012012012012012012,1000,-0.4203356396424259,0.6716960663461597
42,0.0,cosine,0.00035895594036681696,0.027298153153674447,0.21921921921921922,528,0.063001987674939,0.04883290358793001
42,0.0,grad_clip,0.17607737652201555,0.326574650193558,0.4874874874874875,8,-0.0012967614632071697,0.7262292871252934
42,0.0,adam,0.0004740861954965505,0.028271182142357555,0.4694694694694695,9,-0.03703130701102073,-0.001282851922156004
42,0.0,adaptive,0.0,0.45776420656981365,0.4124124124124124,22,0.9368022359717761,0.02680326856878174
43,0.0,no_damping,9.992007221626409e-16,294532822659.21875,0.012012012012012012,1000,-0.42334937395719663,0.6714513218163802
43,0.0,cosine,0.0002847564522510373,0.0036321631051740586,0.23423423423423423,529,0.0938677341119745,0.11592490589769452
43,0.0,grad_clip,0.05574556176377704,0.17645309272058685,0.4944944944944945,7,0.004360945821069303,0.6934481157957966
43,0.0,adam,0.00028466684272475607,0.0037258777380413137,0.46846846846846846,6,-0.032730164549708736,-0.001601588787159966
43,0.0,adaptive,25796.68235072706,54.00813914671221,0.42242242242242245,16,0.9212771658534978,0.06842591257829399
44,0.0,no_damping,9.992007221626409e-16,428817250966.52277,0.015015015015015015,1000,-0.410606968221914,0.657716749181877
44,0.0,cosine,0.0002542687359149443,0.011492935956702135,0.23423423423423423,529,0.00934283734050604,-0.02507394169466238
44,0.0,grad_clip,0.05383828138762905,0.23419184866577372,0.47047047047047047,9,0.013651265939739875,0.6816331372810117
44,0.0,adam,0.00022531857017807718,0.013153080475787454,0.4624624624624625,32,-0.07044542933163934,-0.005480856538951675
44,0.0,adaptive,2.5492300951951134e-05,0.013567782700708656,0.4314314314314314,25,0.9298345867876896,0.04235556862558769
45,0.0,no_damping,9.992007221626409e-16,234740951984.3941,0.016016016016016016,1000,-0.3656286130938111,-0.824212699731052
45,0.0,cosine,0.0002492260172545993,0.008840557166319202,0.23523523523523523,530,0.12476412053199118,-0.01968324200745983
45,0.0,grad_clip,0.09561786304708507,0.26411853523626355,0.48148148148148145,4,0.1636883668726159,0.6938391459311034
45,0.0,adam,0.00022485359887351278,0.00851750695543709,0.47047047047047047,8,-0.04987342785639403,0.0009603291135280279
45,0.0,adaptive,0.0003877167856847457,0.0045708887507929594,0.43343343343343343,8,0.9275019461185169,0.09560544952905135
46,0.0,no_damping,9.992007221626409e-16,467932889654.58044,0.014014014014014014,1000,-0.42259116774001515,0.6615394115804792
46,0.0,cosine,0.00028176284319887044,0.005421282159058132,0.23623623623623624,529,0.014676603329740296,-0.01493104803589762
46,0.0,grad_clip,0.0,0.07899806227290303,0.4754754754754755,6,0.036132049163760366,0.7247992671849486
46,0.0,adam,0.00028140585428622166,0.008524337717305396,0.46846846846846846,10,-0.04542531694448331,-0.05130529575694323
46,0.0,adaptive,0.0001574368309303934,0.011672704206269119,0.42342342342342343,17,0.9379566669549873,0.046669123110804685
47,0.0,no_damping,9.992007221626409e-16,319657632644.2512,0.013013013013013013,1000,-0.4169748248114092,-0.8405899563092644
47,0.0,cosine,0.0002550090400864372,0.014694572473546514,0.22722722722722724,528,0.12089445931190287,-0.02876489725216591
47,0.0,grad_clip,0.0,0.0949265273232174,0.4974974974974975,10,-0.02255562256954424,0.6805644007313604
47,0.0,adam,0.00021509395606920712,0.01875002547414409,0.47147147147147145,11,-0.037122236417316795,-0.019772092675237007
47,0.0,adaptive,0.0,0.05644948296257961,0.41541541541541543,25,0.9153399657119071,0.05538257395704688
48,0.0,no_damping,9.992007221626409e-16,396370792884.00903,0.016016016016016016,1000,-0.3925625558794356,0.6551733496438038
48,0.0,cosine,0.0002893513609331011,0.01190604240063195,0.23823823823823823,530,0.009305614857314203,-0.005964935054118305
48,0.0,grad_clip,0.0006463628505020693,0.18228263890525842,0.47647647647647645,6,0.02464145931066528,0.6735299068810563
48,0.0,adam,0.00029001937384808105,0.013030899758995707,0.46546546546546547,8,-0.04259087246391987,-0.057741104668563026
48,0.0,adaptive,0.002391555929139255,0.10495911737769206,0.42542542542542544,14,0.9302647649638746,0.040217878102975876
49,0.0,no_damping,9.992007221626409e-16,289052214502.6792,0.01701701701701702,1000,-0.36344970786554404,-0.8249155246242998
49,0.0,cosine,0.00027311237786496046,0.0029014385359214475,0.23923923923923923,530,-0.01740737195529573,-0.02290976171229251
49,0.0,grad_clip,0.0,0.1273265496816424,0.4864864864864865,7,0.013214384974976937,0.7260351360575035
49,0.0,adam,0.00028814439188361236,0.0020755578059243004,0.46846846846846846,12,-0.046616927080660876,-0.0011170297259490136
49,0.0,adaptive,0.00024008348806633947,0.05816348636923607,0.43343343343343343,18,0.9436476644639893,0.05245741532845084
50,0.0,no_damping,9.992007221626409e-16,447940211422.5564,0.013013013013013013,1000,-0.42905387350594903,0.6655862601798258
50,0.0,cosine,0.00031818696589936877,0.023546491067767353,0.23023023023023023,529,-0.02083168796664124,0.08311542808321164
50,0.0,grad_clip,0.0,0.17810226880830876,0.4914914914914915,8,0.00850917508179679,0.703531171715132
50,0.0,adam,0.0003308468180026712,0.02372615002074035,0.46846846846846846,8,-0.035242572673586194,-0.019908573083024628
50,0.0,adaptive,0.0,0.12345333596284383,0.4184184184184184,19,0.9413360208978729,0.02644582752838457
51,0.0,no_damping,9.992007221626409e-16,388716911873.2804,0.016016016016016016,1000,-0.39921491734961245,0.6540632982524571
51,0.0,cosine,0.000249509019082208,0.00788900018882566,0.23623623623623624,530,-0.012848332188552835,0.06392337260342006
51,0.0,grad_clip,0.0,0.07293305068605473,0.46646646646646645,5,0.07804997345852907,0.6921222718925608
51,0.0,adam,0.00023248467869453106,0.004504268310705784,0.47047047047047047,10,-0.04775092628317797,-0.05262539361217931
51,0.0,adaptive,0.00480486408837894,0.1040955331999863,0.4214214214214214,14,0.9425644633713162,0.016300101660235752
52,0.0,no_damping,9.992007221626409e-16,478366081973.5474,0.016016016016016016,1000,-0.40019584127462654,0.6548904725919933
52,0.0,cosine,0.00019372306435348066,0.015425457554525764,0.23223223223223224,531,0.07163489157792519,-0.03470726716647335
52,0.0,grad_clip,0.00075304148445741,0.1561823431268395,0.47647647647647645,3,0.26836583306704437,0.7108154214226748
52,0.0,adam,0.00012708087919123518,0.009355635907741168,0.4644644644644645,13,-0.07194860535016105,-0.027237075114608534
52,0.0,adaptive,0.0,0.381086029236108,0.42242242242242245,4,0.9368962750553428,0.0787870452143431
53,0.0,no_damping,9.992007221626409e-16,380213915822.88855,0.014014014014014014,1000,-0.41410370853789913,0.6618622909723444
53,0.0,cosine,0.0002529882290501802,0.008468178385149024,0.24124124124124124,530,0.13677576037499714,0.28870164921855085
53,0.0,grad_clip,0.0,0.022381569402361003,0.4894894894894895,6,0.0392403937634455,0.697103883275205
53,0.0,adam,0.00024060313494832404,0.009143343797853322,0.47147147147147145,6,-0.037293938101378134,-0.0552773046180438
53,0.0,adaptive,0.0,0.010297900001162534,0.42242242242242245,12,0.9368926940953998,0.05747135172481177
54,0.0,no_damping,9.992007221626409e-16,250576506049.70734,0.014014014014014014,1000,-0.39484668162913816,-0.8356315751645214
54,0.0,cosine,0.0003053823250304977,0.009048598727822231,0.23823823823823823,529,0.09582115363083717,-0.03657743382219844
54,0.0,grad_clip,0.0011875623075046863,0.20685377268522098,0.4854854854854855,8,-0.0030966099578791043,0.7155649647908149
54,0.0,adam,0.000379635947574063,0.01242534479370274,0.46546546546546547,17,-0.04672242817651116,-0.027772483993316936
54,0.0,adaptive,0.0014125231272461584,0.02526463940746798,0.4174174174174174,27,0.9183496188340712,0.0991518006796973
55,0.0,no_damping,9.992007221626409e-16,231298069827.5568,0.013013013013013013,1000,-0.40908412001712546,-0.8344301683404836
55,0.0,cosine,0.00030015146410244936,0.00973573438488784,0.23323323323323322,530,0.04885260467675194,-0.0259671849654062
55,0.0,grad_clip,0.0,0.1410991925259677,0.46046046046046046,11,-0.034683477419874896,0.6874879961128043
55,0.0,adam,0.0002919839180614323,0.011302628667137169,0.46146146146146144,19,-0.048895532601809934,-0.024182512385903566
55,0.0,adaptive,0.0008701547848673409,0.011949092537609316,0.4124124124124124,30,0.887983515458836,0.022669220581928943
56,0.0,no_damping,9.992007221626409e-16,381062066890.4294,0.015015015015015015,1000,-0.391183940727834,0.6604375369558914
56,0.0,cosine,0.00022878706248054314,0.016370735472500085,0.23823823823823823,531,0.00985659020507281,0.0078023733013084275
56,0.0,grad_clip,0.03392845686419662,0.16043438431615542,0.4944944944944945,7,0.007703663291860155,0.7007548532891715
56,0.0,adam,0.00014980402784526284,0.012748691070571637,0.4694694694694695,14,-0.04689385726124346,-0.03457183193383268
56,0.0,adaptive,0.0001685448354962237,0.019979672288863423,0.4134134134134134,21,0.9283983292105116,0.05072406653496285
57,0.0,no_damping,9.992007221626409e-16,437790680649.6394,0.01701701701701702,1000,-0.38252081628868023,0.6526396326816378
57,0.0,cosine,0.0002768568608106038,0.01685339061527776,0.24224224224224225,529,0.09136964972506977,-0.02175312973198985
57,0.0,grad_clip,0.034057598900742926,0.2442171774915554,0.4644644644644645,6,0.018774915530090877,0.723232230949103
57,0.0,adam,0.0002987972942729245,0.01617060986718668,0.46646646646646645,7,-0.03777451063442422,-0.045583222321179485
57,0.0,adaptive,0.016048380302403242,0.10028265867771069,0.42742742742742745,13,0.9182325306938196,0.06880219454514838
58,0.0,no_damping,9.992007221626409e-16,480878129027.6524,0.014014014014014014,1000,-0.41571844535770286,-0.8349967970701389
58,0.0,cosine,0.0002889598223093262,0.011117805119067004,0.22722722722722724,531,0.04519302191625502,0.02643919001305732
58,0.0,grad_clip,0.023263101215024402,0.15684974073227723,0.44744744744744747,8,-0.008572158630383906,0.688745761737214
58,0.0,adam,0.0003055137055758082,0.009826465385032608,0.4674674674674675,10,-0.039726781987006236,-0.05809522227435488
58,0.0,adaptive,0.0003195702574822968,0.009711424051041818,0.43243243243243246,19,0.920434918626061,0.08260474559512163
59,0.0,no_damping,9.992007221626409e-16,264739322969.43417,0.013013013013013013,1000,-0.40384167621420053,0.668781119688671
59,0.0,cosine,0.0002595320675753279,0.004236388074459846,0.23123123123123124,531,0.09886740294595384,0.11171523876889873
59,0.0,grad_clip,0.0,0.11180881901008195,0.4794794794794795,9,-0.017329303188662895,0.6826676543489951
59,0.0,adam,0.0002212919237035278,0.004830114197334736,0.46146146146146144,18,-0.04897610875876841,-0.01390526784976665
59,0.0,adaptive,0.0,0.012072525546735264,0.4174174174174174,27,0.9226724231824166,0.029945239008883046
60,0.0,no_damping,9.992007221626409e-16,268222740807.26736,0.013013013013013013,1000,-0.41238143624920565,-0.841332165063193
60,0.0,cosine,0.00027246741701122035,0.007290135731301835,0.24324324324324326,529,0.08646951642272444,-0.04272781619924341
60,0.0,grad_clip,0.0,0.05783274654662221,0.47147147147147145,8,0.004421392786088523,0.7044005188660898
60,0.0,adam,0.0002752767592566354,0.009289545924046462,0.47147147147147145,26,-0.05299507208616407,-0.06912113155107098
60,0.0,adaptive,0.00028652874477843503,0.057619906242535095,0.42042042042042044,28,0.9329619762506632,0.025683724870138792
61,0.0,no_damping,9.992007221626409e-16,472189327892.3822,0.013013013013013013,1000,-0.4315471595572844,-0.8406794043097212
61,0.0,cosine,0.000272311935895935,0.00592601306193064,0.23223223223223224,530,0.0007769352307636142,-0.04645568284091022
61,0.0,grad_clip,0.0190686425442576,0.1756688276484258,0.46546546546546547,8,-0.00674471605814877,0.670461970019994
61,0.0,adam,0.0002786644489250069,0.004864197407251972,0.46846846846846846,11,-0.038865872114391936,-0.026718168348677053
61,0.0,adaptive,0.0,0.09647840051490582,0.4214214214214214,26,0.928162025531015,0.09578871783733545
62,0.0,no_damping,9.992007221626409e-16,263147631747.6516,0.013013013013013013,1000,-0.403675254722784,0.6687944941178822
62,0.0,cosine,0.0002302240242596788,0.005322795122368325,0.23223223223223224,530,0.09815515712957232,0.12579707930582695
62,0.0,grad_clip,0.006123808323557323,0.25659082605758804,0.47647647647647645,7,0.01743698907395666,0.6825946594414222
62,0.0,adam,0.00018331180684841612,0.006625568722667055,0.4674674674674675,19,-0.05622656419675232,-0.03633212665915714
62,0.0,adaptive,0.0003258721289173044,0.012127669666947935,0.41541541541541543,21,0.9343045626231714,0.05453696127187937
63,0.0,no_damping,9.992007221626409e-16,235401011748.4038,0.012012012012012012,1000,-0.40965108404184725,0.6730742497843195
63,0.0,cosine,0.0002929545363780213,0.004124672612521671,0.23723723723723725,529,0.0535197539511259,0.05077297425779459
63,0.0,grad_clip,0.08653644390185392,0.2005619552996019,0.47047047047047047,10,-0.025910457713658613,0.6931058806531376
63,0.0,adam,0.00026498425748029615,0.00481682360799555,0.46346346346346345,15,-0.04642379054047831,-0.03666331518725753
63,0.0,adaptive,0.009313940585376152,0.049770268253264145,0.41541541541541543,25,0.9167890522774467,0.03442212772345342
64,0.0,no_damping,9.992007221626409e-16,279243637273.1124,0.013013013013013013,1000,-0.41329964131845365,0.6674919703825984
64,0.0,cosine,0.00029767402916363445,0.010850008187227424,0.23423423423423423,529,0.09703755542080254,0.11552770223905255
64,0.0,grad_clip,0.048304475368383046,0.3477514907679585,0.4754754754754755,7,0.019812434600225626,0.7252870710204253
64,0.0,adam,0.0002823984795545554,0.010869468261013973,0.46846846846846846,8,-0.039382208746833555,-0.027647455140573055
64,0.0,adaptive,2293.121424929977,15.883337188143805,0.43543543543543545,17,0.9214682396275893,0.08463063622891195
65,0.0,no_damping,9.992007221626409e-16,351619360500.5238,0.014014014014014014,1000,-0.4035680174640107,-0.8349457980342716
65,0.0,cosine,0.0002877086489849608,0.0110518999204358,0.23723723723723725,530,0.13716513446446513,-0.036760154012834806
65,0.0,grad_clip,0.12262406635984786,0.24318838905129805,0.4674674674674675,9,0.0025074559619431896,0.7052186506064885
65,0.0,adam,0.0002973031007447096,0.014225338585071835,0.4624624624624625,25,-0.05455879356798828,-0.0762866768223459
65,0.0,adaptive,0.0,0.13548783483703625,0.4164164164164164,27,0.9240625359547294,0.04942086523175587
66,0.0,no_damping,9.992007221626409e-16,275515714906.1877,0.013013013013013013,1000,-0.4129605810004856,-0.841343213145313
66,0.0,cosine,0.0003314388469721766,0.009593839333994526,0.23123123123123124,530,0.09498556028096795,-0.03695431133256112
66,0.0,grad_clip,0.0,0.09851025769350771,0.4644644644644645,7,0.029775162762769723,0.6687177815802575
66,0.0,adam,0.0003190046846790624,0.01024794064661369,0.4674674674674675,9,-0.039411826121519146,0.009748701880652017
66,0.0,adaptive,0.0,0.7343341207402486,0.42742742742742745,17,0.928735147707499,0.07032167050029146
67,0.0,no_damping,9.992007221626409e-16,334663509264.9033,0.013013013013013013,1000,-0.41837210676260206,0.6660527545233605
67,0.0,cosine,0.00022598389503186527,0.010699488853325643,0.23523523523523523,529,0.12558440748594746,0.2052583776537639
67,0.0,grad_clip,0.001997802936474905,0.15332371903269332,0.4864864864864865,6,0.07469736542286862,0.7158770686332465
67,0.0,adam,0.00021609215285787423,0.0149171275997306,0.46846846846846846,9,-0.04231484428523073,-0.06650233599167125
67,0.0,adaptive,0.0,0.08894224618329061,0.42242242242242245,15,0.9394245237664096,0.057119156934461575
68,0.0,no_damping,9.992007221626409e-16,304049716211.1094,0.013013013013013013,1000,-0.41555174713135035,0.6664097018694355
68,0.0,cosine,0.0002696707328735954,0.004260276601554833,0.23823823823823823,529,0.11318529332177979,0.15673655978295947
68,0.0,grad_clip,0.040030814270594246,0.23079621394113806,0.47647647647647645,9,-0.009077040710101467,0.7066813743566948
68,0.0,adam,0.00025609968875788913,0.00635634437545125,0.46046046046046046,36,-0.07113091987141258,-0.05589455490516724
68,0.0,adaptive,0.0,0.3237771287979824,0.4244244244244244,32,0.9271843024862809,0.05760100664225067
69,0.0,no_damping,9.992007221626409e-16,398597224123.6798,0.012012012012012012,1000,-0.4242770689152095,-0.833755332214971
69,0.0,cosine,0.0002126259275293318,0.02811622632716925,0.23123123123123124,529,0.13609692084508226,-0.029846896184588568
69,0.0,grad_clip,0.0,0.030017100358034482,0.4934934934934935,10,-0.030153006388615077,0.6366053597860918
69,0.0,adam,0.00022183669064246045,0.028530864985552448,0.4694694694694695,13,-0.040083262552162637,-0.035384875056591034
69,0.0,adaptive,0.7823764306258807,0.320402338422928,0.4264264264264264,27,0.899015408456118,0.04153594624539552
70,0.0,no_damping,9.992007221626409e-16,308602462921.6919,0.013013013013013013,1000,-0.4159101902433068,0.6663705749851103
70,0.0,cosine,0.00028514651769713013,0.006045289070714616,0.24024024024024024,530,0.11493689694132939,0.15574039109671117
70,0.0,grad_clip,0.4505354531872404,0.35268007143709834,0.4844844844844845,6,0.027560775660631174,0.721970330069635
70,0.0,adam,0.0003081179903384526,0.008142039278768495,0.4724724724724725,7,-0.038188780488223786,-0.010151239175831859
70,0.0,adaptive,0.0,0.030636817727353726,0.42742742742742745,15,0.9309464463719039,0.037540945534126
71,0.0,no_damping,9.992007221626409e-16,260982939309.89594,0.015015015015015015,1000,-0.3956650564283851,0.6595223904428199
71,0.0,cosine,0.0002526718647609641,0.011899391935754018,0.23623623623623624,529,0.11045458914093478,0.15186450781220123
71,0.0,grad_clip,0.16335491413075312,0.27075143059081763,0.4854854854854855,2,0.4703726741221524,0.717878890430604
71,0.0,adam,0.00022576142307610548,0.008192113257244265,0.4724724724724725,3,-0.04742458438866747,-0.039147195514589964
71,0.0,adaptive,0.0002588754782387946,0.01810992008557247,0.42542542542542544,2,0.9358747236509,0.07091534960544187
72,0.0,no_damping,9.992007221626409e-16,319038321110.33575,0.013013013013013013,1000,-0.4169020383863852,-0.8406122983682573
72,0.0,cosine,0.00026305008393712485,0.005774582303038628,0.23123123123123124,529,0.12038458019894999,-0.04908873888836565
72,0.0,grad_clip,0.08193332468021047,0.24836339765352217,0.46146146146146144,10,-0.005359756452059047,0.6774476835760862
72,0.0,adam,0.00026043147797684575,0.007715913869991039,0.4624624624624625,30,-0.050784113406576355,-0.07746197876795197
72,0.0,adaptive,34080.3487855525,59.30842416321203,0.4184184184184184,32,0.9285286402570969,0.043921331309209236
73,0.0,no_damping,9.992007221626409e-16,264975957612.83945,0.015015015015015015,1000,-0.38850666770868975,-0.8362305697748406
73,0.0,cosine,0.0002484867286654621,0.012889816833966698,0.23023023023023023,529,0.12231005399874785,-0.03299816855304679
73,0.0,grad_clip,0.018077336918636156,0.12987046681309677,0.4944944944944945,5,0.08323206485496605,0.6916251116631372
73,0.0,adam,0.00021521703368890404,0.010690063571770995,0.47047047047047047,17,-0.06517913602284357,-0.027250325398489157
73,0.0,adaptive,0.07508319274318892,0.1168083598479731,0.4314314314314314,12,0.9334024445288883,0.1341425027515033
74,0.0,no_damping,9.992007221626409e-16,262559870888.1708,0.014014014014014014,1000,-0.40363269392117396,0.6634742916362772
74,0.0,cosine,0.00025296178621134056,0.004808810350578408,0.23423423423423423,530,0.09952257122071083,0.11102766701965663
74,0.0,grad_clip,0.03410611953423894,0.21185325702586696,0.4794794794794795,3,0.17051629187124565,0.7231726497533285
74,0.0,adam,0.00025446900232984867,0.004196833104513639,0.46846846846846846,4,-0.036041427954415686,0.02428551765095527
74,0.0,adaptive,0.0,0.05908558545283342,0.4114114114114114,4,0.9440236453660652,0.05892081681721214
75,0.0,no_damping,9.992007221626409e-16,486958872828.6909,0.016016016016016016,1000,-0.4085333371361283,-0.8423992534395282
75,0.0,cosine,0.00027123646367996156,0.012773466133213656,0.23523523523523523,531,0.0698077838096598,0.04734477969277674
75,0.0,grad_clip,0.3620433437304984,0.2525933610283394,0.4694694694694695,6,0.10946033575036822,0.7185947431009092
75,0.0,adam,0.0002646676063671823,0.01094291741918497,0.4694694694694695,20,-0.06762548552458236,-0.04250112249194556
75,0.0,adaptive,1726.229245363783,13.516956484820176,0.42842842842842843,14,0.9102873701426466,0.10589365561272114
76,0.0,no_damping,9.992007221626409e-16,412053068332.2473,0.013013013013013013,1000,-0.4171231637331314,-0.8343744972873227
76,0.0,cosine,0.00026844915752536187,0.0072208052611974095,0.23023023023023023,530,-0.03032123932226087,-0.03283888402145746
76,0.0,grad_clip,0.03182444714826706,0.17736799525771904,0.4844844844844845,7,-0.0028992792567627203,0.687308942014197
76,0.0,adam,0.0002691349207811841,0.009287587319803343,0.4674674674674675,12,-0.046730049125103486,-0.06411665585294947
76,0.0,adaptive,252.2019122566545,11.35856867915334,0.44044044044044045,18,0.9387635257539493,0.10960590183222814
77,0.0,no_damping,9.992007221626409e-16,356700131730.8683,0.013013013013013013,1000,-0.40404731522205417,0.668550561791099
77,0.0,cosine,0.0002955141034809922,0.010636422135464944,0.24224224224224225,531,0.13729795107681209,0.28815176748513205
77,0.0,grad_clip,0.03946396420256072,0.19944253579208504,0.4874874874874875,10,-0.021322712246355083,0.702780354009167
77,0.0,adam,0.00029391055170376404,0.01523110175464367,0.4694694694694695,9,-0.0379147067860295,-0.025379743783154735
77,0.0,adaptive,3.9201373165512806e-05,0.013782576322709437,0.4084084084084084,20,0.9144138093876675,0.035168272380277525
78,0.0,no_damping,9.992007221626409e-16,483745807190.62067,0.015015015015015015,1000,-0.41597149014550244,0.6574606671157648
78,0.0,cosine,0.00024289123888008413,0.006106069352427371,0.23723723723723725,530,0.04386519128421847,-0.04510238812438305
78,0.0,grad_clip,0.0,0.10847762276144526,0.4774774774774775,5,0.07727642754339327,0.697551078797139
78,0.0,adam,0.0002261679416056075,0.004783032059510994,0.4644644644644645,13,-0.05123792701721956,-0.05794615873045599
78,0.0,adaptive,0.00018502934157709294,0.006512081111533029,0.42842842842842843,17,0.9391899124208244,0.05658690866512042
79,0.0,no_damping,9.992007221626409e-16,303206992273.9459,0.013013013013013013,1000,-0.41543936026074657,0.6663475966016524
79,0.0,cosine,0.0002725531751515865,0.009311140136131622,0.23323323323323322,529,0.11200635127313673,0.14412055055827813
79,0.0,grad_clip,0.0,0.07175250498825798,0.48148148148148145,6,0.04699441926160144,0.716776457996615
79,0.0,adam,0.00026711665244080605,0.00880859675562013,0.4674674674674675,9,-0.043687421714985276,-0.009084771050729561
79,0.0,adaptive,1402.5499269443842,12.450001206416669,0.4314314314314314,18,0.9191056862862477,0.08262800336189509
80,0.0,no_damping,9.992007221626409e-16,275307411722.37726,0.013013013013013013,1000,-0.41298381792856376,-0.8413488643382133
80,0.0,cosine,0.0002203861767019653,0.0038463538265651994,0.23223223223223224,530,0.09358381797496826,-0.038106068524955516
80,0.0,grad_clip,0.19944532870746604,0.2604871071021181,0.47647647647647645,8,0.024761224623371863,0.7214316865090942
80,0.0,adam,0.0001883420633607566,0.0065031143310816915,0.4674674674674675,19,-0.050577193891305404,-0.03126995141158473
80,0.0,adaptive,0.0,0.7133010839337793,0.4174174174174174,28,0.9175735850134213,0.05325485841386696
81,0.0,no_damping,9.992007221626409e-16,482580661294.50867,0.014014014014014014,1000,-0.4240641498995272,-0.841267779520002
81,0.0,cosine,0.00023966474472557824,0.0019251083778907586,0.24024024024024024,534,0.027710380340911615,-0.006202357375043476
81,0.0,grad_clip,0.026479725476303412,0.17129416250593887,0.46546546546546547,6,0.0413060953817087,0.6930331954687823
81,0.0,adam,0.0002223784326398048,0.0016434397886621688,0.46546546546546547,8,-0.04116757266696635,0.03416762886589135
81,0.0,adaptive,31.34521770225495,9.695051949103233,0.4214214214214214,15,0.9327231382080754,0.09660360729287085
42,0.1,no_damping,9.992007221626409e-16,259131081952.30545,0.012012012012012012,1000,-0.420305144187524,0.6716960663461597
42,0.1,cosine,0.0005939897095453839,0.026264931240737296,0.1981981981981982,533,0.06225822126905049,0.14565981785225302
42,0.1,grad_clip,0.0,0.06648565026367463,0.4974974974974975,8,0.070857375427752,0.7294605715571616
42,0.1,adam,0.0015980098049848237,0.041985817043674024,0.44144144144144143,9,0.04142066381500705,0.15138003196688388
42,0.1,adaptive,0.0,0.3567213883586704,0.3033033033033033,22,0.822593298419445,0.21649320196301094
43,0.1,no_damping,9.992007221626409e-16,293595384318.185,0.012012012012012012,1000,-0.42326606661399513,0.6714513218163802
43,0.1,cosine,0.00015249541118513655,0.028287117685780728,0.1941941941941942,530,0.09315994872756597,0.2121686668170429
43,0.1,grad_clip,0.0015641819185509707,0.1740774326149472,0.5025025025025025,7,0.11072159016485848,0.7284465180750648
43,0.1,adam,9.970195603324842e-05,0.08435942705512924,0.42742742742742745,6,0.04050767874476212,0.2654868016393433
43,0.1,adaptive,0.0,0.20979109937805226,0.3063063063063063,19,0.8836725986314438,0.24309078750394544
44,0.1,no_damping,9.992007221626409e-16,431695123769.721,0.015015015015015015,1000,-0.41088014950118895,0.657716749181877
44,0.1,cosine,8.862912681033364e-05,0.18884120577559876,0.19019019019019018,530,0.011015343585732239,0.1269994234099802
44,0.1,grad_clip,0.0,0.1335249370675673,0.5055055055055055,9,0.14811114131155134,0.7257666296146728
44,0.1,adam,0.013869216119238068,0.48479319839366386,0.42042042042042044,23,0.07143408176537643,0.17524317611884915
44,0.1,adaptive,0.07491179679399938,1.6597991266026604,0.30430430430430433,20,0.8273466432678966,0.2577097798839858
45,0.1,no_damping,9.992007221626409e-16,234040483031.05023,0.016016016016016016,1000,-0.36567302025853543,-0.824212699731052
45,0.1,cosine,0.00025224926193330655,0.006653811606267334,0.2042042042042042,530,0.12426460200449035,0.09240508005719068
45,0.1,grad_clip,0.0,0.10383608413407995,0.4974974974974975,4,0.49048895489648553,0.7237638526078799
45,0.1,adam,0.00021778535638016476,0.01483122551391877,0.4184184184184184,8,0.21617190454736834,0.20822514854500865
45,0.1,adaptive,0.0,0.6903011086836891,0.3203203203203203,8,0.8467946528824799,0.23525932755051485
46,0.1,no_damping,9.992007221626409e-16,378779876719.03864,0.014014014014014014,1000,-0.41399408591034526,0.661825318216218
46,0.1,cosine,0.0002831375930726929,0.0882359768517318,0.2082082082082082,532,0.13678156912874462,0.3857990513354327
46,0.1,grad_clip,0.1346169449237201,0.21043464421772573,0.4894894894894895,6,0.1853745641867673,0.7209820082554519
46,0.1,adam,0.0001321789205581311,0.12866038860507173,0.42742742742742745,8,0.06790587974695296,0.22953882783403398
46,0.1,adaptive,0.0,0.5897013999026368,0.2992992992992993,14,0.8287043715123589,0.2652575786191155
47,0.1,no_damping,9.992007221626409e-16,320196801668.59607,0.013013013013013013,1000,-0.4169853947680974,-0.8405899563092644
47,0.1,cosine,0.0007546864294861248,0.06517814013005364,0.2082082082082082,528,0.1208946027853454,0.029277406728482728
47,0.1,grad_clip,0.5452305128185733,0.40038242129280555,0.4874874874874875,10,0.04749835817455803,0.7038318075162334
47,0.1,adam,0.0017240898842767565,0.11566799849755852,0.43743743743743746,11,0.011494895650920616,0.12823130999701227
47,0.1,adaptive,1959.6139465649626,21.955621727630234,0.3183183183183183,31,0.839066707216342,0.08366273775652132
48,0.1,no_damping,9.992007221626409e-16,231621839301.2745,0.016016016016016016,1000,-0.3857104367883527,-0.8361548056774173
48,0.1,cosine,0.00016169449431681514,0.021388176596563505,0.21021021021021022,531,0.0767552330149325,0.05198421662481873
48,0.1,grad_clip,0.04253080419750996,0.1665356893250274,0.4874874874874875,6,0.14997138072143298,0.719781721256039
48,0.1,adam,2.1930158463275394e-05,0.04519626490125097,0.4314314314314314,14,0.23973214113083557,0.1980844007533651
48,0.1,adaptive,0.0,0.3894062595220993,0.30430430430430433,19,0.8439905934370142,0.1541210711346394
49,0.1,no_damping,9.992007221626409e-16,310881153065.09973,0.013013013013013013,1000,-0.4077725071683088,-0.8343240959609868
49,0.1,cosine,0.000204136394312833,0.0493354550668012,0.1981981981981982,529,0.12033306055756089,0.09611105581640612
49,0.1,grad_clip,0.0,0.1232551919229357,0.4974974974974975,7,0.13037177018528504,0.7337947865334523
49,0.1,adam,7.796331870367535e-05,0.16858737222285175,0.42242242242242245,11,0.0794534890498891,0.21788918820241845
49,0.1,adaptive,0.0,1.502047599247616,0.2992992992992993,11,0.8201770574707851,0.2485840747423533
50,0.1,no_damping,9.992007221626409e-16,466967769129.1857,0.013013013013013013,1000,-0.4312175027328745,0.6654574828537703
50,0.1,cosine,0.00021734327883330716,0.008734038325363042,0.1971971971971972,531,-0.004858163383178051,0.14656262404754838
50,0.1,grad_clip,0.0006227110016683807,0.07763821912609907,0.4954954954954955,8,0.11315883536033633,0.7176302474682756
50,0.1,adam,2.120434909464133e-05,0.015143736476060835,0.43843843843843844,17,0.0424737540299041,0.1668684530830139
50,0.1,adaptive,1700.3562299079254,15.913566784987735,0.2932932932932933,23,0.8364880660985028,0.3211419769593126
51,0.1,no_damping,9.992007221626409e-16,389048859095.1745,0.016016016016016016,1000,-0.39921627817334626,0.6540632982524571
51,0.1,cosine,8.945103967382291e-05,0.07647050768221507,0.2082082082082082,528,-0.01236915469705392,0.14830168626251855
51,0.1,grad_clip,0.10517289751654485,0.1924885033259022,0.5105105105105106,5,0.3199485526060324,0.7371732866177165
51,0.1,adam,4.903360948421848e-06,0.1122882913351086,0.44044044044044045,10,0.12223574433679853,0.19966350763933818
51,0.1,adaptive,0.0001600384201385564,0.036362119361717085,0.2912912912912913,14,0.8723450811773766,0.20218391293392235
52,0.1,no_damping,9.992007221626409e-16,238226751898.69455,0.013013013013013013,1000,-0.4016804062209573,-0.8350161350022779
52,0.1,cosine,0.00034926316406511397,0.04269284292083693,0.1941941941941942,529,0.04451172172290748,0.0888044205917561
52,0.1,grad_clip,0.001285967639898099,0.2402560775890216,0.5045045045045045,5,0.6382419307011867,0.7143285097256222
52,0.1,adam,0.0003489947847987155,0.07483672186596199,0.4144144144144144,28,0.33062168343494175,0.19647123782820583
52,0.1,adaptive,0.003523754566760663,0.1177108847830796,0.28128128128128127,10,0.7976914388260081,0.2518669464407404
53,0.1,no_damping,9.992007221626409e-16,383713900072.5923,0.014014014014014014,1000,-0.41414315925440304,0.6618622909723444
53,0.1,cosine,0.000387649631831725,0.08770392554539337,0.2122122122122122,530,0.13682835763804066,0.42869541334844385
53,0.1,grad_clip,0.007090143691471113,0.2332914652677677,0.5105105105105106,6,0.1669677988887799,0.7627384770400588
53,0.1,adam,0.002617606913572933,0.2085377877445601,0.44744744744744747,6,0.08181002517896518,0.239696789371778
53,0.1,adaptive,0.0,1.5905658685741995,0.3103103103103103,12,0.8695205453399245,0.27075178876448586
54,0.1,no_damping,9.992007221626409e-16,250427468167.86993,0.014014014014014014,1000,-0.3948440080754505,-0.8356315751645214
54,0.1,cosine,0.0003759568861301358,0.019050495141827443,0.2022022022022022,532,0.09582118473490181,0.08855024728093963
54,0.1,grad_clip,0.07403856064849182,0.20244952538501432,0.4944944944944945,8,0.08381261380572055,0.752356260212395
54,0.1,adam,0.0003379529719488892,0.032865182282766456,0.4344344344344344,17,0.019991890138149334,0.12852869307175058
54,0.1,adaptive,0.00023998622399501755,0.08921807361562045,0.3053053053053053,27,0.8366354581402932,0.24725579266603667
55,0.1,no_damping,9.992007221626409e-16,400571970195.73773,0.013013013013013013,1000,-0.4160451639946575,0.666984609859904
55,0.1,cosine,0.0002192203922810042,0.02692248012021608,0.21121121121121122,530,-0.026622940162122157,0.200576584198444
55,0.1,grad_clip,0.0,0.1118308619475897,0.4844844844844845,13,0.020038016074546132,0.7206409302762866
55,0.1,adam,0.0001340989617341984,0.03287604129449842,0.4294294294294294,21,0.022940756685536003,0.20910488818121703
55,0.1,adaptive,0.07709388374633033,0.14995078968074568,0.3073073073073073,29,0.7890584084834402,0.21509251978906643
56,0.1,no_damping,9.992007221626409e-16,253815183384.73328,0.015015015015015015,1000,-0.38047991206673376,0.6620399076127608
56,0.1,cosine,0.0020768549832366192,0.04772442365643932,0.1961961961961962,531,0.13215721886310214,0.32688593232206303
56,0.1,grad_clip,0.17416900693206583,0.33226887719739023,0.4854854854854855,10,0.1173376360797573,0.7370191135675775
56,0.1,adam,0.2093780192560294,0.31896131201783207,0.43743743743743746,20,0.07537828244859271,0.17883876142713587
56,0.1,adaptive,1029.512676762348,18.390103289639374,0.30430430430430433,17,0.8157285526265561,0.1490298663328771
57,0.1,no_damping,9.992007221626409e-16,490439177873.4125,0.01701701701701702,1000,-0.38734399038437956,0.6525228834287797
57,0.1,cosine,0.00196820827234839,0.06501795711248906,0.2092092092092092,531,0.10798420339495773,0.06854447812343949
57,0.1,grad_clip,0.013565705798938827,0.12040013303896684,0.4994994994994995,6,0.1281008420715157,0.7531043963763021
57,0.1,adam,0.004669967307376106,0.08513648241594833,0.42342342342342343,7,0.07314901128674213,0.2056008781409546
57,0.1,adaptive,0.0,0.6256735928593867,0.2962962962962963,13,0.7770889664817094,0.1897819226797116
58,0.1,no_damping,9.992007221626409e-16,482805782264.23413,0.014014014014014014,1000,-0.4157398161847501,-0.8349967970701389
58,0.1,cosine,0.0003154914617092568,0.044039753860464693,0.2002002002002002,525,0.04587708342580909,0.1334407724964706
58,0.1,grad_clip,0.00470462290115178,0.13048231011622569,0.4974974974974975,8,0.07332170033381374,0.6929527342774695
58,0.1,adam,0.00027562881148360897,0.046582545088222974,0.4314314314314314,10,0.05044825251067372,0.19607457410127938
58,0.1,adaptive,0.0,0.4389229475118142,0.2932932932932933,29,0.771112822253766,0.17543402191420748
59,0.1,no_damping,9.992007221626409e-16,330407961353.6995,0.016016016016016016,1000,-0.3669897023132236,0.6597130620448189
59,0.1,cosine,0.00020834418566584244,0.025670485856972177,0.19519519519519518,531,0.13910971992647675,0.11962291927911903
59,0.1,grad_clip,0.0035793108984483717,0.11424120321386937,0.5005005005005005,10,0.04853124925989649,0.7074907414941026
59,0.1,adam,0.00012745191560369242,0.04997951054652608,0.44044044044044045,22,-0.0002921166710661059,0.14165992554258122
59,0.1,adaptive,5.790382000115507e-05,0.009882036114349313,0.2872872872872873,29,0.8317758049511548,0.24205092913699983
60,0.1,no_damping,9.992007221626409e-16,292445139513.4753,0.013013013013013013,1000,-0.4144729251040388,-0.8413386074230994
60,0.1,cosine,0.00024373395414374691,0.017613231627342817,0.2032032032032032,531,0.10181498322167855,0.07112894260648824
60,0.1,grad_clip,0.007740822435334643,0.177650254676395,0.4964964964964965,9,0.1316377657004372,0.7131489898500365
60,0.1,adam,0.00022237891361053365,0.025397281900770192,0.42342342342342343,14,0.03049732213129462,0.2549764449809865
60,0.1,adaptive,0.0,0.029800289948223792,0.2972972972972973,24,0.7609003045861954,0.19424766145504552
61,0.1,no_damping,9.992007221626409e-16,491605078107.4914,0.013013013013013013,1000,-0.4332552542909096,-0.8406817657694172
61,0.1,cosine,0.00015491059015166912,0.022781075973560404,0.22022022022022023,529,0.010531854790320455,0.060044498486088
61,0.1,grad_clip,0.0,0.040889111381337793,0.4924924924924925,8,0.08254426934594145,0.6813972830030126
61,0.1,adam,5.26370630069436e-05,0.027652143486601125,0.4364364364364364,10,0.035399545262786054,0.17027921980865365
61,0.1,adaptive,0.0,0.2500998270613302,0.3113113113113113,20,0.7979709946682293,0.17817314800583983
62,0.1,no_damping,9.992007221626409e-16,309525956858.5609,0.013013013013013013,1000,-0.4077121030545161,0.6676993507465773
62,0.1,cosine,0.0003691173792689074,0.06899055269308046,0.1891891891891892,537,0.12085859180974763,0.273733339046898
62,0.1,grad_clip,0.0,0.08762326333455908,0.5045045045045045,8,0.13653207048812216,0.6929603736726819
62,0.1,adam,0.0005787405068202799,0.13384926703318265,0.4194194194194194,18,0.0664670071254389,0.2430395282734781
62,0.1,adaptive,0.0,2.006783569111793,0.3053053053053053,16,0.8337064160604203,0.18681942777031346
63,0.1,no_damping,9.992007221626409e-16,235781751867.50488,0.012012012012012012,1000,-0.4096598206018569,0.6730742497843195
63,0.1,cosine,8.541684143070081e-06,0.030700975046745918,0.2022022022022022,533,0.05354609505765676,0.14918391416061125
63,0.1,grad_clip,0.0,0.15610546812889753,0.4864864864864865,10,0.04235982022715873,0.6994957209092223
63,0.1,adam,0.0003390142836548505,0.06575064839518183,0.42842842842842843,15,0.013825492600470075,0.15776339869613903
63,0.1,adaptive,0.0,0.3802849462954238,0.2912912912912913,31,0.8199872069530697,0.1887923883330705
64,0.1,no_damping,9.992007221626409e-16,279175844774.90735,0.013013013013013013,1000,-0.4132937377128242,0.6675912900978208
64,0.1,cosine,0.0003124405107268369,0.01127890746780763,0.2022022022022022,531,0.09358549323114339,0.25928088980809316
64,0.1,grad_clip,0.0,0.10130172093360688,0.4934934934934935,8,0.1263112822088955,0.7325237207574152
64,0.1,adam,0.00031863396649851953,0.021016312313833076,0.42742742742742745,10,0.07358443037031193,0.16655169603750578
64,0.1,adaptive,0.0,0.06144674266710052,0.3083083083083083,16,0.8284433612604603,0.22239682573910513
65,0.1,no_damping,9.992007221626409e-16,382289467128.0645,0.014014014014014014,1000,-0.41430829946358483,0.661750948866486
65,0.1,cosine,0.0011153288184397223,0.02911377103898929,0.21021021021021022,529,0.1359510725623818,0.34217199514142366
65,0.1,grad_clip,0.06284130316173045,0.3256756102974618,0.5005005005005005,9,0.11587796449661518,0.719228433883308
65,0.1,adam,0.022432764068803842,0.14498527629941788,0.44544544544544545,38,0.15239111073443318,0.08086609395206458
65,0.1,adaptive,0.0,5.850781209283881,0.32732732732732733,34,0.8397536560140544,0.17088071934198173
66,0.1,no_damping,9.992007221626409e-16,275372302675.7711,0.013013013013013013,1000,-0.41295882479322754,-0.841343213145313
66,0.1,cosine,1.4364985430561343e-05,0.2380426723120452,0.1921921921921922,531,0.09498569346267156,0.10926834106588176
66,0.1,grad_clip,0.4904175707816679,0.3848499456636436,0.4954954954954955,7,0.18506976123760252,0.7216651553847145
66,0.1,adam,0.1288940874914524,0.6080419676595366,0.43343343343343343,9,0.16573838142497713,0.2234109548519357
66,0.1,adaptive,2041.383497197471,21.335675363626503,0.3023023023023023,17,0.8275016285185488,0.3123521000097245
67,0.1,no_damping,9.992007221626409e-16,481585652810.1958,0.013013013013013013,1000,-0.4325562581141386,0.6655298679566667
67,0.1,cosine,0.00011973068254333327,0.19523893267027168,0.2062062062062062,534,-0.0033396815973126795,0.07473024314302473
67,0.1,grad_clip,0.0035055819885794863,0.12667806791257183,0.5085085085085085,7,0.3098160008375844,0.7036388809872058
67,0.1,adam,1.2426792051331147e-06,0.2079288601482086,0.43043043043043044,9,0.23883247385895873,0.11177109319375618
67,0.1,adaptive,0.0,0.07547670132827063,0.3183183183183183,10,0.864311317967791,0.13721494022956215
68,0.1,no_damping,9.992007221626409e-16,311505433775.37805,0.013013013013013013,1000,-0.4161779928942364,0.6663963390556708
68,0.1,cosine,0.004348798524836474,0.08090536181947294,0.19519519519519518,530,0.1155259043388141,0.2748868274013808
68,0.1,grad_clip,0.0,0.05697172100320478,0.4944944944944945,9,0.08316638652094469,0.6913552728226908
68,0.1,adam,0.19470539125462694,0.5176071721317159,0.4114114114114114,48,0.02451449284083141,0.1467630089716594
68,0.1,adaptive,0.02304325807517773,2.5748848641526907,0.28928928928928926,36,0.829501518190115,0.19870152340044459
69,0.1,no_damping,9.992007221626409e-16,406973760492.0714,0.012012012012012012,1000,-0.4249642155553243,-0.8337561665031307
69,0.1,cosine,0.0051201101752862774,0.13900195678798713,0.19119119119119118,532,0.13619793896340032,0.08970622971541306
69,0.1,grad_clip,0.09075669936582223,0.23008362618111347,0.4924924924924925,11,0.03063003777158037,0.6873016776744515
69,0.1,adam,0.038317302180779896,0.3119906029903222,0.43543543543543545,18,0.022580285944091096,0.20022779621838088
69,0.1,adaptive,0.0,0.8474756937759719,0.3083083083083083,27,0.7833390997500369,0.2133770361026864
70,0.1,no_damping,9.992007221626409e-16,323183929234.2043,0.013013013013013013,1000,-0.4173180930439808,0.6662421788486187
70,0.1,cosine,0.0003605863789825613,0.0633979025831476,0.21121121121121122,532,0.12237534038533528,0.27660439848455776
70,0.1,grad_clip,0.07763466385791178,0.21369256583352306,0.4894894894894895,8,0.12959359846276106,0.731270554379186
70,0.1,adam,0.0003832024121650714,0.15621085606251167,0.45545545545545546,9,0.04582811952304979,0.15076256428807183
70,0.1,adaptive,0.0011750069694364512,0.021430914121604493,0.32432432432432434,14,0.8621996642457831,0.17139432038844682
71,0.1,no_damping,9.992007221626409e-16,284362022755.2083,0.013013013013013013,1000,-0.41375855790477506,0.6672056950782526
71,0.1,cosine,0.0004956212315784542,0.41356806629939896,0.1881881881881882,536,0.0963774208701587,0.2275760119316878
71,0.1,grad_clip,0.13296279371852684,0.2824917484851685,0.5105105105105106,2,0.6634779783270495,0.7474536532529324
71,0.1,adam,0.0011817913763284855,0.8594495528825608,0.42842842842842843,2,0.5198513968431764,0.18236017748024885
71,0.1,adaptive,1052.9207653120343,16.1214651549758,0.2962962962962963,3,0.8085888099497305,0.25479419767242495
72,0.1,no_damping,9.992007221626409e-16,258402782758.8189,0.012012012012012012,1000,-0.42015543816859974,0.6717451057515951
72,0.1,cosine,0.00028248774246158423,0.04422839863396348,0.1981981981981982,531,0.0505315466150933,0.15802715648602533
72,0.1,grad_clip,0.0,0.11254938306934986,0.4894894894894895,9,0.09076799405665952,0.7202539106004386
72,0.1,adam,0.00010568602212033107,0.10472558167625756,0.43743743743743746,36,0.03126779838621962,0.16787978934125208
72,0.1,adaptive,89.34519343594974,4.747908724387237,0.2962962962962963,32,0.813596516920076,0.24291331424927448
73,0.1,no_damping,9.992007221626409e-16,344468272607.408,0.016016016016016016,1000,-0.3882508276995912,0.6551592026208146
73,0.1,cosine,0.0001922394778513287,0.021101351458663844,0.20520520520520522,534,0.008187215794209203,0.13833787685569945
73,0.1,grad_clip,0.0,0.10006995776919818,0.4974974974974975,5,0.32020890258563733,0.7408514659594173
73,0.1,adam,0.0001353028771849509,0.030884226877976345,0.4184184184184184,16,0.11321685684619276,0.18810721381945583
73,0.1,adaptive,0.00023580003067326293,0.05261159016264523,0.30930930930930933,6,0.7907788416505628,0.2542741647784601
74,0.1,no_damping,9.992007221626409e-16,495991327976.8292,0.013013013013013013,1000,-0.4340293097769358,-0.8406642032967082
74,0.1,cosine,4.5772823232589324e-05,0.1388570030705958,0.2082082082082082,530,0.0002624603213652472,0.07146555825705601
74,0.1,grad_clip,0.08758821088094883,0.25288129687656985,0.5085085085085085,4,0.4243180226159157,0.732665033460018
74,0.1,adam,0.0,0.2951279701744025,0.44644644644644643,6,0.27295146642062684,0.2371487659576747
74,0.1,adaptive,0.0,1.130481698229102,0.3053053053053053,6,0.8313013630895,0.27327018592917535
75,0.1,no_damping,9.992007221626409e-16,311956521469.03656,0.015015015015015015,1000,-0.40000866664364154,0.6585883762312117
75,0.1,cosine,0.00022008948943282223,0.11057132144040159,0.2012012012012012,529,0.12940485451796524,0.3134408665870133
75,0.1,grad_clip,0.001037813172709473,0.16141738772657127,0.4924924924924925,7,0.3426226409936174,0.7204824466914317
75,0.1,adam,0.00025425219100563547,0.15635301072752847,0.4084084084084084,23,0.14638719203312633,0.18860210393638674
75,0.1,adaptive,0.0,0.5169563170847156,0.30430430430430433,10,0.8546693766853058,0.19977889623926678
76,0.1,no_damping,9.992007221626409e-16,352882111597.83594,0.013013013013013013,1000,-0.4115904411068504,-0.8343621777445348
76,0.1,cosine,0.0004217957625105986,0.023804449180141504,0.2082082082082082,531,0.1358315219987176,0.0704645707730086
76,0.1,grad_clip,0.0,0.12594867199226345,0.4904904904904905,8,0.11106957054798267,0.6987229674926098
76,0.1,adam,0.009132539715920221,0.11492360102193805,0.43343343343343343,16,0.050385928759651935,0.17268823567080913
76,0.1,adaptive,0.0,0.787245290866374,0.30930930930930933,17,0.8523699509931528,0.2003615951257266
77,0.1,no_damping,9.992007221626409e-16,401073825951.6043,0.014014014014014014,1000,-0.40033319357064906,-0.828697193565995
77,0.1,cosine,0.0002367299402571158,0.024135875510859967,0.1961961961961962,528,0.03013421129901619,0.11298993903602832
77,0.1,grad_clip,0.011330646897500901,0.25987233889317674,0.48848848848848847,10,0.039504243855993874,0.6884205144547981
77,0.1,adam,0.00018168975412167715,0.05297647131333166,0.4364364364364364,7,0.01381593278334571,0.2277887762201568
77,0.1,adaptive,0.0,0.10707858057603085,0.2872872872872873,20,0.7629411602833738,0.22512565534711318
78,0.1,no_damping,9.992007221626409e-16,483745807190.62067,0.015015015015015015,1000,-0.41597149014550244,0.6574606671157648
78,0.1,cosine,0.00030416089090174234,0.08691194127309873,0.2062062062062062,528,0.043865402329497316,0.06224442833636126
78,0.1,grad_clip,0.0,0.21907902425560272,0.4954954954954955,5,0.26722697039014587,0.7410048979757607
78,0.1,adam,0.00025217297213348693,0.12311711965603353,0.4244244244244244,13,0.08518453214613725,0.1793421056965887
78,0.1,adaptive,19308.34667528085,44.5003836864016,0.3033033033033033,17,0.8438675699856176,0.1703825785398606
79,0.1,no_damping,9.992007221626409e-16,331465148088.9848,0.013013013013013013,1000,-0.41803336064880764,0.6662945130007283
79,0.1,cosine,3.0359489083894547e-05,0.0654051052770458,0.2022022022022022,535,0.121901874077255,0.28377094775239725
79,0.1,grad_clip,0.009498756036539125,0.09155235843528498,0.4864864864864865,6,0.2587367906259159,0.7371976031633926
79,0.1,adam,0.00012120509622876057,0.170300921508993,0.4294294294294294,10,0.16787941709143703,0.21697124767046608
79,0.1,adaptive,0.0,0.2394845424461633,0.2872872872872873,13,0.7573575110457553,0.2659340598175739
80,0.1,no_damping,9.992007221626409e-16,275205206872.91644,0.013013013013013013,1000,-0.412983831744267,-0.8413488643382133
80,0.1,cosine,0.0015666674846735174,0.02243619518162614,0.2022022022022022,531,0.09358376684349556,0.08719254231557207
80,0.1,grad_clip,0.1694964271508592,0.3855658256745866,0.48148148148148145,8,0.12130565179267892,0.7022065312326345
80,0.1,adam,0.013346684368202006,0.08038094472268063,0.44844844844844844,20,0.037440320648562314,0.13357407859085138
80,0.1,adaptive,0.0,1.5087708608557497,0.3153153153153153,26,0.8564032214835816,0.19667640869750272
81,0.1,no_damping,9.992007221626409e-16,336365815562.7884,0.014014014014014014,1000,-0.4102453340622496,-0.8412186991398786
81,0.1,cosine,0.00016588614833605778,0.01208972653721021,0.1991991991991992,531,0.1337943765630431,0.10709279526927559
81,0.1,grad_clip,0.0,0.36609409025446765,0.5005005005005005,6,0.21952353209913816,0.7383960574543001
81,0.1,adam,0.0016090544945372746,0.05056281376852463,0.4364364364364364,7,0.07503652954704536,0.2210604055504771
81,0.1,adaptive,0.023687138127338633,0.7660910222012958,0.3203203203203203,13,0.8240000220712385,0.26082857611236093
42,0.3,no_damping,9.992007221626409e-16,322914671766.90576,0.012012012012012012,1000,-0.42608445260171296,0.6705045088990413
42,0.3,cosine,0.0025893352583492616,0.04206060623037477,0.18218218218218218,536,0.1084418252028535,0.36503017431385193
42,0.3,grad_clip,0.29603330862910926,0.6164100234802806,0.5135135135135135,8,0.20250786926100978,0.7179798422582325
42,0.3,adam,0.0330319598837251,0.10018553288743781,0.4114114114114114,9,0.07352593163372932,0.2816647667846553
42,0.3,adaptive,5.597338595932407,4.118150264863342,0.2732732732732733,17,0.6771726072565708,0.6613601211016298
43,0.3,no_damping,9.992007221626409e-16,253212429976.39676,0.012012012012012012,1000,-0.41972794286424187,0.6719945166607845
43,0.3,cosine,0.00010023569944548153,0.039499572795798875,0.18218218218218218,540,0.04919454602393822,0.2402210766509788
43,0.3,grad_clip,0.0,0.10009609941063677,0.5205205205205206,7,0.16510559947054024,0.7446911634968812
43,0.3,adam,0.004458371174805914,0.17487816166922368,0.43343343343343343,4,0.08761740719612278,0.28648602357620373
43,0.3,adaptive,0.0,1.736302442752058,0.2732732732732733,9,0.8109159040804914,0.629653061035848
44,0.3,no_damping,9.992007221626409e-16,271886358548.84686,0.013013013013013013,1000,-0.4125907100066894,0.667528519472681
44,0.3,cosine,0.0,0.12431958236480528,0.1891891891891892,542,0.08212493271622336,0.2798690086908409
44,0.3,grad_clip,0.4058842395745086,0.4208334141802695,0.5095095095095095,7,0.26125222608813586,0.7625328924086429
44,0.3,adam,0.0,0.1348761881562105,0.42042042042042044,23,0.07574218919998085,0.2746051728610008
44,0.3,adaptive,25.49595146268641,5.847924750658614,0.2902902902902903,21,0.8164282214146804,0.6976502393317245
45,0.3,no_damping,9.992007221626409e-16,233604076914.43112,0.016016016016016016,1000,-0.36548576499779617,-0.824212699731052
45,0.3,cosine,0.00011145990454518,0.198524939100941,0.1941941941941942,529,0.12426460197925891,0.2189418710507485
45,0.3,grad_clip,0.1593922859545519,0.29371300876993894,0.5175175175175175,4,0.6031547020677549,0.78706284916591
45,0.3,adam,0.00037562684139456383,0.25463760184496237,0.4294294294294294,8,0.13151999939283826,0.33455547614562425
45,0.3,adaptive,0.0,2.1493758795604743,0.2992992992992993,8,0.7200898186122865,0.6832616925969397
46,0.3,no_damping,9.992007221626409e-16,379724138112.6532,0.014014014014014014,1000,-0.4140292096500049,0.661825318216218
46,0.3,cosine,0.000191514423925394,0.03276284781679073,0.1871871871871872,538,0.13677599060029658,0.4722634670738348
46,0.3,grad_clip,0.0016732896599008632,0.1540018717927089,0.5045045045045045,6,0.29061680722727107,0.7672896601174221
46,0.3,adam,0.0001443807028307265,0.05410290825242013,0.4344344344344344,8,0.12133814077511614,0.22982253372478245
46,0.3,adaptive,0.0002668715095474496,0.0950663714434179,0.2972972972972973,14,0.8034954443599477,0.706218498790724
47,0.3,no_damping,9.992007221626409e-16,318233140223.7514,0.013013013013013013,1000,-0.41669316651416277,-0.8405704564995482
47,0.3,cosine,0.005871679594869366,0.29151585994247015,0.19119119119119118,528,0.11775812010817747,0.17448672826104944
47,0.3,grad_clip,0.25140698676942674,0.755449909409762,0.5095095095095095,10,0.07864628209852015,0.7366852020147309
47,0.3,adam,0.014903887121119192,0.4487179886921747,0.4174174174174174,12,0.012274294128603726,0.2911479802098632
47,0.3,adaptive,231.4746441924825,15.490462553263644,0.2862862862862863,37,0.713167424876459,0.6067067951633374
48,0.3,no_damping,9.992007221626409e-16,258546136755.07224,0.015015015015015015,1000,-0.3880114106837393,-0.8362019656008717
48,0.3,cosine,2.9575582443852514e-05,0.34521385796034165,0.1971971971971972,530,0.10244888739203299,0.1804545986994407
48,0.3,grad_clip,0.010462560832617165,0.14480804804945568,0.5165165165165165,9,0.31414619258130994,0.7542805274772411
48,0.3,adam,0.0,0.3789708322678883,0.42542542542542544,12,0.08197324097121902,0.3289958123290596
48,0.3,adaptive,0.0,0.5743659522352428,0.3153153153153153,15,0.8207624698593265,0.6483720659666372
49,0.3,no_damping,9.992007221626409e-16,381211078506.60223,0.014014014014014014,1000,-0.4058002043819082,0.662983330454606
49,0.3,cosine,0.00010602243826172174,0.057313612093077025,0.18518518518518517,528,-0.01943401403757184,0.2838420812308656
49,0.3,grad_clip,0.018158840641014962,0.16390300957517667,0.5115115115115115,8,0.2327249128850973,0.7519826149370468
49,0.3,adam,3.535459156424122e-05,0.11039227196227128,0.4164164164164164,25,0.0843189409128992,0.27972028409253974
49,0.3,adaptive,0.0,0.020408810649289445,0.2972972972972973,21,0.7672906120552396,0.6538257546597137
50,0.3,no_damping,9.992007221626409e-16,437884603984.4767,0.013013013013013013,1000,-0.42788356897608293,0.6655625748804799
50,0.3,cosine,0.0011530643082969217,0.052673384692633524,0.17017017017017017,533,-0.028484987961587147,0.31272274132113276
50,0.3,grad_clip,0.0,0.05973118691599259,0.5055055055055055,8,0.2137908590743276,0.7598767320366212
50,0.3,adam,0.006903344075669066,0.0990524212410797,0.43243243243243246,52,0.0648342099023947,0.22376879435722874
50,0.3,adaptive,0.0,0.5029468998693715,0.28428428428428426,37,0.7214805642262349,0.6644271025647399
51,0.3,no_damping,9.992007221626409e-16,337388369134.2578,0.015015015015015015,1000,-0.40242923824480886,-0.8417505875678851
51,0.3,cosine,0.0,0.03805551216860331,0.17617617617617617,540,0.13554508495256626,0.21146618161654987
51,0.3,grad_clip,2.300000889379189,0.8442712523731207,0.5065065065065065,5,0.49473292518522205,0.768116268081866
51,0.3,adam,0.0,0.03959465016408765,0.4264264264264264,11,0.14294586429934283,0.258819305979983
51,0.3,adaptive,13.547513508273928,2.7595400541714294,0.28928928928928926,47,0.7758134223960289,0.6716004721351653
52,0.3,no_damping,9.992007221626409e-16,428629501472.70294,0.014014014014014014,1000,-0.411080665104025,0.6628818405382247
52,0.3,cosine,0.00010741096978534246,0.2063521518275929,0.19119119119119118,525,-0.017734948506833333,0.2615227569209796
52,0.3,grad_clip,0.050835858575173566,0.1575462850733642,0.5195195195195195,6,0.7206803996003399,0.7916128844194096
52,0.3,adam,0.0022161990294015414,0.42036585113757696,0.4064064064064064,19,0.4451604959834241,0.3691017195270795
52,0.3,adaptive,0.0,2.7484913313338484,0.2952952952952953,16,0.7908975584210852,0.6865101444849171
53,0.3,no_damping,9.992007221626409e-16,343079005070.18854,0.014014014014014014,1000,-0.4105308113730772,0.6619929176835191
53,0.3,cosine,0.0,0.11472697333168712,0.1891891891891892,529,0.13469845338267458,0.434207967213559
53,0.3,grad_clip,3.743899543187414,1.0801161581909873,0.5155155155155156,7,0.34064869019135974,0.7726896225615443
53,0.3,adam,5.259949264015709e-05,0.1067048210012762,0.43043043043043044,8,0.10598420869416321,0.3618451240670716
53,0.3,adaptive,19.679474617104923,6.474330925495975,0.3103103103103103,10,0.8155698798373144,0.6353173610111911
54,0.3,no_damping,9.992007221626409e-16,399053473179.4679,0.01701701701701702,1000,-0.37251233465028544,0.6426964554125696
54,0.3,cosine,0.004747126681049953,0.3608488678533414,0.1841841841841842,537,0.025951722692232778,0.2398551415007134
54,0.3,grad_clip,0.23929128172350503,0.5394137552962536,0.5215215215215215,10,0.15591056332503045,0.7689831370689754
54,0.3,adam,0.015883287416164668,0.693136767746014,0.42842842842842843,14,0.03876111532753185,0.2543458572475395
54,0.3,adaptive,4.402935311012488,5.036847970925965,0.2992992992992993,16,0.7911804292379147,0.6308544933326499
55,0.3,no_damping,9.992007221626409e-16,400510932398.0594,0.013013013013013013,1000,-0.41604518102196436,0.666984609859904
55,0.3,cosine,0.00016534550012880803,0.10147379517178813,0.19119119119119118,537,-0.026622521450166765,0.28762320573009204
55,0.3,grad_clip,0.829926975720893,0.5681462656209193,0.5155155155155156,13,0.055990073980112263,0.7533024236848537
55,0.3,adam,0.0001835479999913299,0.12848985379551306,0.42542542542542544,21,-0.003607214419763162,0.26275928371233614
55,0.3,adaptive,117.2357846561782,5.139710320860972,0.30430430430430433,29,0.6660003471996954,0.616422813108036
56,0.3,no_damping,9.992007221626409e-16,478537897547.777,0.016016016016016016,1000,-0.40029036288871944,0.6544922916665572
56,0.3,cosine,0.0021007673846225815,0.05512905676516706,0.1891891891891892,536,0.06512261049536774,0.18615401042102997
56,0.3,grad_clip,0.4890408709540724,0.4890848499678966,0.5205205205205206,11,0.20684039670548676,0.7692485932745374
56,0.3,adam,0.006971827646390388,0.06064389913219111,0.43743743743743746,68,0.030731948553761747,0.2002540707857351
56,0.3,adaptive,294.7035160169582,9.180959001646306,0.2782782782782783,42,0.8145851635899521,0.6141389376206673
57,0.3,no_damping,9.992007221626409e-16,249165873097.24127,0.013013013013013013,1000,-0.41087294981665407,0.6674245092673514
57,0.3,cosine,0.0002946566237583129,0.06614065905938787,0.1871871871871872,538,0.05626856812963773,0.27205163534586635
57,0.3,grad_clip,1.607791175143284,1.0273647300733308,0.5065065065065065,7,0.26463647239757904,0.7540407275639318
57,0.3,adam,0.0019306716347624465,0.06439239293973681,0.42742742742742745,9,0.08788860555369254,0.28718183807723047
57,0.3,adaptive,0.33639552757419666,0.8620897732751711,0.2992992992992993,21,0.7201308051656546,0.6447764224028276
58,0.3,no_damping,9.992007221626409e-16,223278415093.39236,0.014014014014014014,1000,-0.39862322638894615,0.6694488168605817
58,0.3,cosine,0.00019793338498947527,0.045069323240124866,0.1931931931931932,530,0.05591725532291376,0.22582675810724487
58,0.3,grad_clip,0.0,0.06006613494746835,0.5095095095095095,11,0.13065439399737655,0.7304642218407782
58,0.3,adam,0.000110260280440355,0.09420191099544786,0.4344344344344344,13,0.04488168471010021,0.24079152479172627
58,0.3,adaptive,0.0,0.44516877387579623,0.2772772772772773,16,0.7951146550554029,0.5918455405246587
59,0.3,no_damping,9.992007221626409e-16,359077731493.9756,0.016016016016016016,1000,-0.37568566096599415,0.6576259954695284
59,0.3,cosine,0.00027570676017885456,0.038465599669675214,0.19119119119119118,534,0.13136459329870237,0.3897643699934531
59,0.3,grad_clip,0.0,0.11376508935717018,0.5125125125125125,15,0.11641994708826378,0.7544318992737294
59,0.3,adam,0.00022991545796865844,0.0875593147525298,0.43043043043043044,18,0.01198355611865168,0.212094584503085
59,0.3,adaptive,0.00028841856662301053,0.004823712788085353,0.3073073073073073,23,0.6775473622034622,0.640682615349981
60,0.3,no_damping,9.992007221626409e-16,293093985231.02454,0.013013013013013013,1000,-0.41448737842484223,-0.8413386074230994
60,0.3,cosine,0.000192224062572004,0.033915661683833205,0.18518518518518517,532,0.10249616338360852,0.20084338852120764
60,0.3,grad_clip,0.0,0.08234602864600636,0.5095095095095095,9,0.23096486966470028,0.7442188048528842
60,0.3,adam,5.8434436537000236e-05,0.05928555357409458,0.42342342342342343,21,0.034255271058794556,0.2298618833757068
60,0.3,adaptive,0.032363638353066576,2.5001942509219583,0.3173173173173173,22,0.6598659177105357,0.6789594122430112
61,0.3,no_damping,9.992007221626409e-16,255405504158.57288,0.012012012012012012,1000,-0.4198674915228913,0.671696391578664
61,0.3,cosine,0.0007432236299646708,0.10033406439728293,0.17717717717717718,532,0.056635979586863706,0.2646447506879511
61,0.3,grad_clip,0.2375195650316193,0.2632980079208725,0.5225225225225225,9,0.144115532246805,0.7647102477223964
61,0.3,adam,0.000507056034762682,0.14763388330913835,0.42042042042042044,9,0.05977838535052648,0.31457037657275105
61,0.3,adaptive,5.968484081382647,1.9701232629995107,0.2902902902902903,39,0.6701007304089477,0.6464627283233788
62,0.3,no_damping,9.992007221626409e-16,252147177007.75742,0.014014014014014014,1000,-0.39495780004457803,-0.8357038111095525
62,0.3,cosine,0.0,0.1341393845817133,0.17717717717717718,536,0.12699214923682886,0.21635549834835105
62,0.3,grad_clip,0.007053768939311628,0.1131907192988991,0.5145145145145145,11,0.2193900230035721,0.7549659226558655
62,0.3,adam,5.7876045481440296e-05,0.1574202160086619,0.42242242242242245,20,0.0645720585963413,0.24735777486885557
62,0.3,adaptive,0.0,0.33104414650653674,0.28128128128128127,26,0.8396736699364843,0.6744639202999783
63,0.3,no_damping,9.992007221626409e-16,293465311348.2528,0.012012012012012012,1000,-0.40633536123879727,-0.8282312091555226
63,0.3,cosine,6.23616616957234e-05,0.1308927811100971,0.1891891891891892,536,0.10021300490814067,0.1731890368553624
63,0.3,grad_clip,0.030771529942705177,0.24110670607482634,0.5255255255255256,12,0.07080677251331807,0.7571838060560264
63,0.3,adam,0.0018086344019247282,0.2128795076240081,0.4294294294294294,42,0.034107811432142796,0.215614136540753
63,0.3,adaptive,0.0,1.3735596403051717,0.2882882882882883,17,0.7517276833189886,0.5929167215438367
64,0.3,no_damping,9.992007221626409e-16,311027079074.87976,0.013013013013013013,1000,-0.41611751505062683,0.6665318620261703
64,0.3,cosine,2.5395905734278085e-05,0.07616372557245081,0.18218218218218218,532,0.11319146115147591,0.35720217640419905
64,0.3,grad_clip,0.014268212300857274,0.1532698047427373,0.5155155155155156,8,0.23262423096879106,0.7649564374426863
64,0.3,adam,0.0,0.08064958716833905,0.43343343343343343,19,0.07124331218764664,0.2248231544491257
64,0.3,adaptive,0.0,0.12425055921697088,0.2832832832832833,20,0.792972629515241,0.7041874722982477
65,0.3,no_damping,9.992007221626409e-16,488958918695.40753,0.014014014014014014,1000,-0.41672253238002255,-0.8419279337854264
65,0.3,cosine,0.00021211055246859968,0.10975249446429525,0.1891891891891892,538,0.047773443017009566,0.24403073270150957
65,0.3,grad_clip,6.1638348413073665,1.465299227813012,0.5195195195195195,9,0.16672721950787409,0.7321575779121001
65,0.3,adam,0.9134478165606733,0.5184849090096799,0.42842842842842843,19,0.038222897681298586,0.2359849183696944
65,0.3,adaptive,1584.0265582936727,19.76567356138293,0.28928928928928926,19,0.7716158490603641,0.6640124131171187
66,0.3,no_damping,9.992007221626409e-16,231423572064.1046,0.013013013013013013,1000,-0.41727921352244063,0.6719382615310298
66,0.3,cosine,0.03335434829711459,0.1856869453660604,0.18618618618618618,530,0.022532285789146334,0.2240655760762422
66,0.3,grad_clip,12.179541196802854,2.153455005029172,0.5185185185185185,6,0.35864892926193365,0.7654593306733815
66,0.3,adam,0.4020374573145239,0.49863542790226145,0.44044044044044045,36,0.11608420673916875,0.2511953724144156
66,0.3,adaptive,0.008633900181624006,4.35326528464226,0.3063063063063063,30,0.8098401608615647,0.689327971941142
67,0.3,no_damping,9.992007221626409e-16,224237368522.3015,0.013013013013013013,1000,-0.4157756291148656,-0.8406741864736265
67,0.3,cosine,0.0,0.10438050636363728,0.1891891891891892,530,0.008830076855756003,0.20471647395546363
67,0.3,grad_clip,0.0,0.14005891204631962,0.5225225225225225,6,0.40976957276179604,0.7863749699066811
67,0.3,adam,0.0,0.223373094798713,0.4314314314314314,10,0.17231966161552817,0.30729218333387487
67,0.3,adaptive,0.0,0.12534297129852803,0.2952952952952953,19,0.7705094117762711,0.6191304109173336
68,0.3,no_damping,9.992007221626409e-16,300078603438.6127,0.013013013013013013,1000,-0.41515999673743054,0.6664094897612804
68,0.3,cosine,0.004402166237508919,0.05152545722840742,0.18218218218218218,532,0.11077010379669054,0.3511756635902401
68,0.3,grad_clip,0.989756282397057,0.42169852805918334,0.5135135135135135,10,0.15998943368862495,0.7212342461598228
68,0.3,adam,0.07317920821435626,0.14807025323469686,0.4174174174174174,68,-0.003182074061028815,0.21981827984807564
68,0.3,adaptive,414.3582888646553,9.412753123633792,0.2882882882882883,37,0.7786349633011647,0.6432585706334235
69,0.3,no_damping,9.992007221626409e-16,407024091175.60693,0.012012012012012012,1000,-0.42496422185907534,-0.8337561665031307
69,0.3,cosine,0.00025822789098233314,0.017438824279245386,0.1891891891891892,549,0.13619797313203688,0.19095648311854038
69,0.3,grad_clip,0.0,0.1643601565696559,0.5155155155155156,11,0.06287710116560918,0.7462563079440416
69,0.3,adam,0.00016767130326060726,0.029600767937438287,0.4214214214214214,18,0.033072748869673,0.19742400918340836
69,0.3,adaptive,0.0,1.4135625251805826,0.2782782782782783,28,0.7408198880204996,0.6250210556825687
70,0.3,no_damping,9.992007221626409e-16,300982708942.8783,0.013013013013013013,1000,-0.415172582176583,0.6663339368364706
70,0.3,cosine,0.00022124745150003004,0.07437084073610102,0.18118118118118118,532,0.11202052564957606,0.35788293838374563
70,0.3,grad_clip,0.0003232412402735443,0.15755636097991854,0.5145145145145145,11,0.2458443375252169,0.7583763749651139
70,0.3,adam,0.00017158957292500232,0.0592301609050318,0.43743743743743746,13,0.1703424781943774,0.2852371007691517
70,0.3,adaptive,0.0,0.07734339119391916,0.2982982982982983,23,0.7508980928586318,0.6364393437174667
71,0.3,no_damping,9.992007221626409e-16,392312256921.15106,0.013013013013013013,1000,-0.4237445227116556,0.6656677093286212
71,0.3,cosine,4.889507854267918e-05,0.04786557469060152,0.1831831831831832,547,0.13468741954954777,0.4187938849115546
71,0.3,grad_clip,0.009355307090907776,0.2024565435303858,0.5255255255255256,2,0.7373540955730783,0.774292655450134
71,0.3,adam,0.0,0.04445342766686601,0.42042042042042044,2,0.2876345914759905,0.2895954684611771
71,0.3,adaptive,0.04536050630247539,1.5911035564995823,0.2972972972972973,13,0.7467866348255218,0.6621303059504439
72,0.3,no_damping,9.992007221626409e-16,226059521228.3235,0.013013013013013013,1000,-0.4166000301444926,0.6721251562184652
72,0.3,cosine,0.0021362437584352694,0.10022441529604058,0.1841841841841842,533,0.015537144728923244,0.21269223786915337
72,0.3,grad_clip,0.0,0.16824985895033343,0.5115115115115115,11,0.14323669514888762,0.7152672047336207
72,0.3,adam,0.006397447903828488,0.17128083527883226,0.4314314314314314,34,0.04198992486396143,0.17769918820398833
72,0.3,adaptive,0.0,0.32526920422955835,0.27927927927927926,29,0.7325247324822928,0.6591895736493241
73,0.3,no_damping,9.992007221626409e-16,318545619008.66394,0.014014014014014014,1000,-0.3932851996591733,-0.8354955651188594
73,0.3,cosine,0.00016305182894447992,0.026720214372883445,0.1781781781781782,535,0.1335038526624498,0.19859377023308095
73,0.3,grad_clip,0.0,0.10978610404279153,0.5055055055055055,11,0.46370417972286987,0.7648663998519557
73,0.3,adam,3.970951035775498e-05,0.039956947528734785,0.42542542542542544,54,0.31546003913978654,0.24381268694179026
73,0.3,adaptive,0.0,0.050378243378658406,0.2832832832832833,27,0.800618447447884,0.6517786540932565
74,0.3,no_damping,9.992007221626409e-16,223365068884.2138,0.013013013013013013,1000,-0.4152307911975682,0.6722493096084695
74,0.3,cosine,7.32161639136062e-05,0.10526683165817195,0.17917917917917917,532,0.002934727065539179,0.25906876169980564
74,0.3,grad_clip,0.11534509599371405,0.25926366603100987,0.4904904904904905,4,0.626176970211998,0.7728180032267202
74,0.3,adam,4.2798867067134035e-06,0.12519857210411733,0.4244244244244244,6,0.386012152154782,0.3087129419822994
74,0.3,adaptive,0.0,1.2137407516075576,0.27627627627627627,6,0.7499071841378402,0.666263631908869
75,0.3,no_damping,9.992007221626409e-16,301237286512.9733,0.015015015015015015,1000,-0.3990874721339116,0.6586266151004282
75,0.3,cosine,0.0001537854462590401,0.02239657072128709,0.1921921921921922,526,0.12698268619949923,0.393834596464082
75,0.3,grad_clip,0.003416878576730388,0.14982563671707919,0.4994994994994995,7,0.542427024512722,0.7737712750672098
75,0.3,adam,0.0001086407858422444,0.04845487824030577,0.4214214214214214,14,0.23310949219436805,0.25704366036644294
75,0.3,adaptive,0.0,0.23231312490207637,0.2852852852852853,23,0.7893701131566461,0.6022397516435833
76,0.3,no_damping,9.992007221626409e-16,256395539711.67813,0.013013013013013013,1000,-0.40303847721051533,-0.8350657580164118
76,0.3,cosine,0.00022757368778102924,0.033218172682506854,0.19119119119119118,530,0.09961718374104037,0.19590492136454798
76,0.3,grad_clip,0.0060333230887362485,0.0938142662757603,0.5085085085085085,15,0.18095626847150348,0.7522868623513352
76,0.3,adam,0.00012761960982176894,0.04678820925351714,0.4444444444444444,29,0.0967215675756314,0.198556934669738
76,0.3,adaptive,0.0,0.18112532416362936,0.2932932932932933,28,0.712090226237056,0.6376594097885199
77,0.3,no_damping,9.992007221626409e-16,484650529510.0362,0.014014014014014014,1000,-0.40834549458585845,-0.8287197583792073
77,0.3,cosine,0.00011735840762139649,0.0195374305999519,0.1891891891891892,539,0.07197477225791786,0.27951951607203246
77,0.3,grad_clip,0.009053586738168525,0.16815854820588835,0.5235235235235235,11,0.071316843792478,0.7480675538313191
77,0.3,adam,1.0953290981851709e-05,0.09188790897822106,0.42542542542542544,7,0.00012227874432688173,0.24188193984628262
77,0.3,adaptive,0.0,2.2164877255363438,0.2862862862862863,18,0.6967605515480415,0.6647817189826526
78,0.3,no_damping,9.992007221626409e-16,284922441998.0862,0.014014014014014014,1000,-0.4055515599532756,-0.841893270065736
78,0.3,cosine,0.00020150417274729146,0.055462674338627074,0.17717717717717718,537,0.10224370738671874,0.21180345178862306
78,0.3,grad_clip,0.12169058848056664,0.24917331057140438,0.5185185185185185,5,0.4517685466949184,0.7699357030237651
78,0.3,adam,0.00023252695184714523,0.06292717843171042,0.4314314314314314,9,0.1529549067623896,0.2893868376903179
78,0.3,adaptive,5.1536309635763e-05,0.11172543820476097,0.2912912912912913,11,0.8022930096481495,0.6226002715046318
79,0.3,no_damping,9.992007221626409e-16,268128402818.13397,0.012012012012012012,1000,-0.4210482894324257,-0.8407441023757727
79,0.3,cosine,3.344727454708826e-05,0.059830504887705235,0.1921921921921922,539,0.06583683197157332,0.1602071053425542
79,0.3,grad_clip,0.037028508264318145,0.2015545366473662,0.5165165165165165,7,0.3788199446372937,0.7567055078940412
79,0.3,adam,0.0,0.08295538990336113,0.44644644644644643,18,0.05880553431329521,0.24250795339830328
79,0.3,adaptive,0.0,0.7001088503942481,0.2992992992992993,18,0.7873754820057148,0.6338204079576432
80,0.3,no_damping,9.992007221626409e-16,402515769633.27716,0.013013013013013013,1000,-0.424616975848387,-0.8406835898909788
80,0.3,cosine,0.0,0.052762966835795934,0.18118118118118118,529,0.1360946680545782,0.22078666988882126
80,0.3,grad_clip,1.18054338657251,0.8019436071974546,0.5165165165165165,8,0.24165877799957453,0.7656452431940853
80,0.3,adam,0.0,0.03363589673433903,0.44244244244244246,22,0.03816701852185495,0.2336389896999982
80,0.3,adaptive,25.28271019401145,4.000206899576328,0.2722722722722723,21,0.6536621123918427,0.5912230681763535
81,0.3,no_damping,9.992007221626409e-16,287024392230.653,0.014014014014014014,1000,-0.4057527057513172,-0.8419503531174569
81,0.3,cosine,0.00011102615626568716,0.05672541537011229,0.19019019019019018,533,0.1223434372840899,0.1730694159934604
81,0.3,grad_clip,0.0015117718496476312,0.10830848141341555,0.5135135135135135,8,0.319056655859531,0.7707210849354924
81,0.3,adam,0.0004603258353156902,0.1251017660735813,0.43543543543543545,19,0.11643222048076068,0.31972474692528796
81,0.3,adaptive,0.0,1.1744733746475828,0.3073073073073073,19,0.7755603857777943,0.6953868449140779
42,0.5,no_damping,9.992007221626409e-16,317766419583.45154,0.012012012012012012,1000,-0.4254756146880345,0.6705439396509298
42,0.5,cosine,0.0019211967262496629,0.14190855628873017,0.2012012012012012,532,0.10470059792865706,0.29158883722018436
42,0.5,grad_clip,6.832638409351142,1.1938438571269967,0.5325325325325325,8,0.23815544544777711,0.7842082323477741
42,0.5,adam,0.0014575776185079253,0.13311329458919707,0.4014014014014014,10,0.09296177895757456,0.31159523549791657
42,0.5,adaptive,0.6936274981864752,1.308461447247018,0.33933933933933935,13,0.6967114324758382,0.757840175534509
43,0.5,no_damping,9.992007221626409e-16,251051968484.51724,0.012012012012012012,1000,-0.4195353598284834,0.6719294701599187
43,0.5,cosine,0.0039489966865677685,0.6085912105229786,0.19119119119119118,537,0.04987781760172132,0.24636979226753158
43,0.5,grad_clip,3.3064312486162843,0.8709368045246937,0.5105105105105106,7,0.2493301935447753,0.7852811678115262
43,0.5,adam,0.003065696332333227,0.6798975611792524,0.4164164164164164,5,0.11341869165603875,0.36522143760928616
43,0.5,adaptive,30.55071320423978,3.5580917135499774,0.3383383383383383,22,0.6815781161638981,0.692988361772678
44,0.5,no_damping,9.992007221626409e-16,480620499059.08154,0.014014014014014014,1000,-0.42363114235678795,-0.8412761291183477
44,0.5,cosine,7.510637757453919e-05,0.10311629510681261,0.21121121121121122,544,0.01414005829323819,0.1627300959135935
44,0.5,grad_clip,0.16525004264147866,0.631090698745808,0.5095095095095095,8,0.32471229062842516,0.7846302344856496
44,0.5,adam,0.00021120808925052028,0.19179632684856632,0.43743743743743746,19,0.08294756293120144,0.32920722803920965
44,0.5,adaptive,17.972298783002888,3.4424473658146715,0.35835835835835833,38,0.7603306736878811,0.7358561054807687
45,0.5,no_damping,9.992007221626409e-16,455077276393.712,0.015015015015015015,1000,-0.383891537454994,-0.8237026838704911
45,0.5,cosine,0.05892917887400919,0.41957578924293554,0.2172172172172172,534,0.07680840802893897,0.2638864755990918
45,0.5,grad_clip,0.0,0.24478204452808608,0.5075075075075075,6,0.6387938028744017,0.7755779450270724
45,0.5,adam,0.48197882544991355,0.862792859082405,0.4364364364364364,26,0.19431855318152727,0.2818301786487237
45,0.5,adaptive,0.0,3.250105903654582,0.3663663663663664,13,0.7388623421412244,0.7433013359059
46,0.5,no_damping,9.992007221626409e-16,342784374208.6956,0.014014014014014014,1000,-0.41071620594679725,0.6619438796871436
46,0.5,cosine,3.184874411179326e-05,0.07767660698871887,0.2002002002002002,533,0.13505432225795916,0.41625225833420143
46,0.5,grad_clip,0.011303811696100854,0.40091887501679724,0.5205205205205206,6,0.4144982019146894,0.7696705865123079
46,0.5,adam,0.000954535857076933,0.11248661560205553,0.4134134134134134,11,0.14099266902370375,0.29803588860796415
46,0.5,adaptive,1.1900375561135514,1.447580467673947,0.36536536536536535,28,0.6134530726847509,0.7390421328154545
47,0.5,no_damping,9.992007221626409e-16,390830698348.7036,0.012012012012012012,1000,-0.42353826425254065,-0.8406379727114625
47,0.5,cosine,0.0,0.06878668578335274,0.1921921921921922,529,0.13517881447592042,0.184558718290868
47,0.5,grad_clip,0.011201880804888383,0.46299963731641247,0.5205205205205206,10,0.1232466880671957,0.7646817457576538
47,0.5,adam,6.025982333994921e-05,0.19705354462805302,0.4214214214214214,15,0.042929048127488954,0.23197750038583762
47,0.5,adaptive,20.58174725398008,5.220767099301263,0.34934934934934936,19,0.6910236425693632,0.6866220823097025
48,0.5,no_damping,9.992007221626409e-16,274293150949.00833,0.015015015015015015,1000,-0.38927319084969364,-0.8362050091977078
48,0.5,cosine,0.00303824457091476,0.20526919049543976,0.19119119119119118,572,0.11032549812499208,0.16908863468883972
48,0.5,grad_clip,0.6070441386547221,0.9171926813071068,0.5185185185185185,12,0.4011365339304418,0.780224838534619
48,0.5,adam,0.005417182671371919,0.2757747399326865,0.4394394394394394,11,0.1384147055711199,0.4143351562152585
48,0.5,adaptive,8.475682285547984,3.0939209297014894,0.35835835835835833,13,0.6592513112648238,0.7327691753563248
49,0.5,no_damping,9.992007221626409e-16,307958867637.89307,0.014014014014014014,1000,-0.39944878374101866,0.6632928326755957
49,0.5,cosine,0.00033880173309707947,0.025725851916556842,0.21021021021021022,526,0.13610152265744072,0.4184030425526933
49,0.5,grad_clip,0.04525848212908953,0.2211838690889048,0.5055055055055055,10,0.3122013000880517,0.7757073121774883
49,0.5,adam,0.0004617940530394699,0.021274198748557394,0.42042042042042044,31,0.08694093505842947,0.3035569830766603
49,0.5,adaptive,0.0,0.6775594124374583,0.34634634634634637,21,0.7431319427661154,0.719062338773138
50,0.5,no_damping,9.992007221626409e-16,399348404166.9268,0.013013013013013013,1000,-0.42433732190933005,0.6656287805948305
50,0.5,cosine,0.0012098784283471505,0.06446106741981764,0.2032032032032032,554,0.13627355034643712,0.4423480713488583
50,0.5,grad_clip,0.0,0.18815221715396405,0.5065065065065065,14,0.2849988143527616,0.7571121735921095
50,0.5,adam,0.004983677737582402,0.0925847874281341,0.4194194194194194,51,0.08717630512058748,0.34689504968082807
50,0.5,adaptive,0.41238624269656954,1.563581231699649,0.3433433433433433,26,0.7736565949237884,0.7432010938814566
51,0.5,no_damping,9.992007221626409e-16,335612504398.64246,0.015015015015015015,1000,-0.4023003229158734,-0.8417524225733197
51,0.5,cosine,0.0,0.8505847102030413,0.1981981981981982,532,0.13494077661303774,0.18030583480296555
51,0.5,grad_clip,0.0826113052433834,0.43606584379649543,0.5175175175175175,7,0.5709701363497989,0.7931446786961417
51,0.5,adam,0.0,0.6687287436589561,0.42542542542542544,10,0.29384844160181584,0.2893316340792515
51,0.5,adaptive,6.4874617831121855,2.059071832448533,0.3483483483483483,11,0.7169554099947331,0.7525203335079682
52,0.5,no_damping,9.992007221626409e-16,313473156982.3024,0.015015015015015015,1000,-0.3854621440052481,0.6551676351241909
52,0.5,cosine,0.0,0.046331221316884504,0.2082082082082082,545,-0.017639723282583692,0.23179971473473715
52,0.5,grad_clip,1.1987278639530932,0.9528264876121612,0.5205205205205206,12,0.6107046893585545,0.7979606127545086
52,0.5,adam,0.002115082496691425,0.09896676618224087,0.4084084084084084,34,0.2582733604445248,0.3093619137990028
52,0.5,adaptive,2.419814489029826,3.3414881744996343,0.34434434434434436,17,0.7565384726099508,0.7630281509807785
53,0.5,no_damping,9.992007221626409e-16,446231255357.8769,0.014014014014014014,1000,-0.42043700835658904,0.6617169712285479
53,0.5,cosine,0.002362037140360677,0.0473409298730622,0.1931931931931932,531,-0.008071142714844675,0.19201414220267013
53,0.5,grad_clip,1.506950519318954,0.9004165878438434,0.5065065065065065,8,0.4074697293009987,0.7869174341449663
53,0.5,adam,0.00923360523724018,0.06570363543918185,0.4124124124124124,9,0.14016860462223107,0.27739973350474784
53,0.5,adaptive,108.57667128229558,5.806021945082617,0.33733733733733734,12,0.7168705361735535,0.7228329175536157
54,0.5,no_damping,9.992007221626409e-16,232608681197.6223,0.015015015015015015,1000,-0.39343239956467674,-0.8424564440686305
54,0.5,cosine,0.002773028705706695,0.02655420041145685,0.1981981981981982,542,0.11047190037238407,0.1627431389594637
54,0.5,grad_clip,0.023426092009242724,0.18600925139048843,0.5075075075075075,10,0.24498571299864452,0.7898702002737263
54,0.5,adam,0.07668758472869004,0.14825111440613362,0.42742742742742745,7,0.10097671368520061,0.29014685707386906
54,0.5,adaptive,201.27569648840193,6.503497014026988,0.3433433433433433,13,0.7543142396367583,0.7426048956854097
55,0.5,no_damping,9.992007221626409e-16,414176639398.76074,0.013013013013013013,1000,-0.4173825454968975,0.6669584167035635
55,0.5,cosine,0.0,0.17155570790298394,0.2012012012012012,544,-0.017483667189528915,0.24005135420358145
55,0.5,grad_clip,0.7034011977706319,0.7682551771075516,0.5165165165165165,18,0.06823564810205739,0.7575348773897879
55,0.5,adam,0.0,0.26462220275650167,0.42042042042042044,70,0.05033892692805065,0.26020142620313
55,0.5,adaptive,353.77941240675824,21.259679592213924,0.32732732732732733,43,0.6476738552745146,0.6908482495210008
56,0.5,no_damping,9.992007221626409e-16,437872730354.0702,0.015015015015015015,1000,-0.396587852641663,0.6548629323963436
56,0.5,cosine,0.0016576073872103891,0.07664007075150399,0.2012012012012012,540,0.01947283039876736,0.19062136148630276
56,0.5,grad_clip,0.8851965802946877,0.5614052069323404,0.5165165165165165,10,0.2540861949459881,0.7750142883263937
56,0.5,adam,0.009080183377270356,0.10054800431008831,0.4074074074074074,22,0.05284068831108867,0.2866048418081361
56,0.5,adaptive,21.59204515562599,3.4426200701868206,0.33733733733733734,13,0.7676788676026972,0.7144923348334198
57,0.5,no_damping,9.992007221626409e-16,310095795100.75,0.013013013013013013,1000,-0.41621218993237474,0.6662208690493133
57,0.5,cosine,0.0007263549616313748,0.11665731062986429,0.2072072072072072,535,0.09840823150450294,0.26353876078095484
57,0.5,grad_clip,9.738959711691997,2.3629103261964604,0.5075075075075075,8,0.3079413139202846,0.7587392761974261
57,0.5,adam,0.0064860198453550845,0.15939722976145368,0.43343343343343343,7,0.11200905119301302,0.33723441243395874
57,0.5,adaptive,4.76503746663633,2.5507019845664787,0.33233233233233234,15,0.571597264709497,0.7209573670442835
58,0.5,no_damping,9.992007221626409e-16,261218815999.4506,0.016016016016016016,1000,-0.37417354972852973,0.6580134110377981
58,0.5,cosine,6.077454468658047e-05,0.13962396438715502,0.2072072072072072,528,0.02279949708021053,0.15292222880398054
58,0.5,grad_clip,0.0,0.14880626717945833,0.4974974974974975,11,0.1905086015367527,0.751081510223788
58,0.5,adam,0.0,0.1163422752074214,0.4294294294294294,13,0.07011000579054963,0.29282352414852436
58,0.5,adaptive,0.0,1.7212055039544778,0.33433433433433435,15,0.7264376007281457,0.7127126029702228
59,0.5,no_damping,9.992007221626409e-16,232306350041.96634,0.015015015015015015,1000,-0.37879894320391855,0.6676902404814097
59,0.5,cosine,0.0002407417055279009,0.029754870455552883,0.21121121121121122,533,-0.013366325108011248,0.15648868786718026
59,0.5,grad_clip,0.0007905627477862846,0.10261799991490582,0.5065065065065065,11,0.1604596442827345,0.7657137544769489
59,0.5,adam,0.0002405372664256708,0.033220334015549136,0.4174174174174174,16,0.05116679551964804,0.3213537865015946
59,0.5,adaptive,0.0,0.6750301311899134,0.35235235235235235,20,0.7076864310455226,0.6996677182994231
60,0.5,no_damping,9.992007221626409e-16,387577121767.99176,0.014014014014014014,1000,-0.41509639535767606,0.6614860080580651
60,0.5,cosine,0.0,0.08479672927237998,0.2072072072072072,540,-0.026700678350855777,0.27045320197037265
60,0.5,grad_clip,0.20697455164651588,0.47188979089685285,0.5105105105105106,10,0.2530307571807715,0.7841368653067725
60,0.5,adam,0.0,0.07022524805892995,0.43043043043043044,58,0.08609691043405314,0.31330525672485887
60,0.5,adaptive,86.05343174979977,4.703581792030882,0.35235235235235235,33,0.7689340358781792,0.7384722510698387
61,0.5,no_damping,9.992007221626409e-16,244817930591.09503,0.012012012012012012,1000,-0.419183496637836,0.6717097402518852
61,0.5,cosine,0.0008581290852062348,0.08188753663354875,0.2002002002002002,532,0.04778969269339971,0.2211143219300045
61,0.5,grad_clip,0.00401748098086904,0.5006010450129489,0.5225225225225225,11,0.20178581249181035,0.7681732966724607
61,0.5,adam,0.0013230291262637268,0.10501001223994878,0.4094094094094094,9,0.07665084207743741,0.33018903506118413
61,0.5,adaptive,0.0,0.7006943948121295,0.3303303303303303,16,0.646309031319869,0.7265731053966104
62,0.5,no_damping,9.992007221626409e-16,249797424603.88937,0.014014014014014014,1000,-0.3947892099400352,-0.8357040508618104
62,0.5,cosine,0.013284620988205436,0.18467953750908755,0.20520520520520522,539,0.12654188582320752,0.15494151373726278
62,0.5,grad_clip,1.4365146133677809,1.3795528514243118,0.5095095095095095,14,0.30312652068287704,0.7692850167360796
62,0.5,adam,0.12030512397197729,0.4225483081796914,0.42842842842842843,43,0.05268908470046436,0.32472741184558784
62,0.5,adaptive,45.27809112942901,7.93543723699325,0.34434434434434436,21,0.6678956603023014,0.7155841201285409
63,0.5,no_damping,9.992007221626409e-16,305662833539.31995,0.02002002002002002,1000,-0.3363971919908181,0.6400637377289233
63,0.5,cosine,0.0,0.18272317608902364,0.1991991991991992,528,0.12621167700224584,0.37052453643168537
63,0.5,grad_clip,0.09389045127851965,0.3753546145728701,0.5125125125125125,17,0.0934022073977203,0.7764661585695485
63,0.5,adam,0.0,0.22632926349131627,0.4294294294294294,34,0.0771001953643821,0.2761650159117543
63,0.5,adaptive,0.0,1.3577684708865885,0.33933933933933935,18,0.6952905473629246,0.7412164703141546
64,0.5,no_damping,9.992007221626409e-16,314780485309.131,0.013013013013013013,1000,-0.41653075665037637,0.6664921412390111
64,0.5,cosine,0.0,0.792305646304607,0.20520520520520522,544,0.11492425588361016,0.3295604899561212
64,0.5,grad_clip,0.004637154994287644,0.13099378766880937,0.5065065065065065,11,0.23716193234502111,0.7767571139299254
64,0.5,adam,0.0,0.7430945709447513,0.4084084084084084,48,0.12745742410021607,0.3557937139140483
64,0.5,adaptive,0.0,0.416170902027597,0.36436436436436437,24,0.6752123774140287,0.7632945575984377
65,0.5,no_damping,9.992007221626409e-16,388916526092.8144,0.013013013013013013,1000,-0.41480539542263517,0.6616398610631151
65,0.5,cosine,0.00026803469267678334,0.17306132752285563,0.20520520520520522,541,0.135737069236254,0.42853937012306986
65,0.5,grad_clip,0.7365319206499321,0.6013808041160157,0.5265265265265265,10,0.22329505546110445,0.7785619098508422
65,0.5,adam,1.6143260111197166e-05,0.19743563926032198,0.43743743743743746,42,0.008442871065047814,0.25184358668500706
65,0.5,adaptive,0.7394904974010413,1.4309707267517435,0.36036036036036034,25,0.5703743950521287,0.7142542325023283
66,0.5,no_damping,9.992007221626409e-16,341892090646.21924,0.013013013013013013,1000,-0.4191882801053506,-0.8406653486753631
66,0.5,cosine,0.0011889477609896713,0.36168905187771894,0.1881881881881882,533,0.1301532480163303,0.20025361675870096
66,0.5,grad_clip,6.0906903794932035,1.369968801636995,0.5145145145145145,8,0.3950447915059156,0.8138027857750386
66,0.5,adam,0.08064389263299064,0.3060247697120632,0.42042042042042044,23,0.16596550845566915,0.34821954175976144
66,0.5,adaptive,0.05178684870454777,1.8546231524583894,0.34234234234234234,14,0.644759880052977,0.6932380416526359
67,0.5,no_damping,9.992007221626409e-16,314549346755.51965,0.014014014014014014,1000,-0.40044346135248765,0.6575636761677534
67,0.5,cosine,0.0,0.14678113469981058,0.2022022022022022,539,-0.029740904855688498,0.26603002057451
67,0.5,grad_clip,0.019185666831086218,0.20633838198806845,0.5125125125125125,9,0.5021238120783711,0.788944114658123
67,0.5,adam,0.0,0.15279046994644271,0.42042042042042044,22,0.21519426610301745,0.3537788103792874
67,0.5,adaptive,0.032934389657541856,0.735914073523345,0.34234234234234234,22,0.744283648395892,0.7394605056772289
68,0.5,no_damping,9.992007221626409e-16,331162305542.6104,0.013013013013013013,1000,-0.4179521935012514,0.6663448250550936
68,0.5,cosine,0.022516235445827395,0.20614117039904256,0.19019019019019018,532,0.12144738284694961,0.3600693585951452
68,0.5,grad_clip,15.375821214851442,2.947568175893086,0.5185185185185185,13,0.23968232498822603,0.7725266086218485
68,0.5,adam,0.510911927595502,0.448245548618042,0.4044044044044044,58,0.08378423228781827,0.24113786989516847
68,0.5,adaptive,4.764502361920382,2.9466498690210705,0.35035035035035034,30,0.6603203123844295,0.7559444510847798
69,0.5,no_damping,9.992007221626409e-16,268622793191.6897,0.011011011011011011,1000,-0.42110263993011904,0.6771699372528048
69,0.5,cosine,0.0001816391602881052,0.0259872417192455,0.1891891891891892,541,0.0629865834389956,0.26190899274185153
69,0.5,grad_clip,0.0,0.1028467666020779,0.5045045045045045,11,0.09740604890122322,0.7777529408324123
69,0.5,adam,0.00010531257746384162,0.03403683845126573,0.4194194194194194,13,0.01836008977924954,0.35073254636951695
69,0.5,adaptive,0.0,0.8109564777219821,0.3333333333333333,34,0.6349825236943892,0.688108118709916
70,0.5,no_damping,9.992007221626409e-16,464278009170.95197,0.013013013013013013,1000,-0.43064415680111945,0.6656357801310552
70,0.5,cosine,0.0015219637547384684,0.1716297018693883,0.2072072072072072,540,-0.024298513423234667,0.2823167662730839
70,0.5,grad_clip,0.0,0.35030323647033246,0.5225225225225225,12,0.3259098825038247,0.76312369064554
70,0.5,adam,0.018084407536143,0.24125127023144494,0.44644644644644643,34,0.1844566622801775,0.30240951044531544
70,0.5,adaptive,0.0,0.7001417875710192,0.35435435435435436,25,0.6806165529451734,0.7551917337503127
71,0.5,no_damping,9.992007221626409e-16,437393897108.4066,0.013013013013013013,1000,-0.42775272066194076,0.6656011359618627
71,0.5,cosine,0.0,1.2701239283013306,0.2012012012012012,542,0.13631163508799432,0.47338600572570816
71,0.5,grad_clip,1.801026801607346,1.1478935957345708,0.5185185185185185,2,0.7801085486543757,0.7884469267518109
71,0.5,adam,0.0,1.3341405740963794,0.4094094094094094,2,0.40006217714171405,0.3277262856059701
71,0.5,adaptive,215.805181434802,9.986261532647871,0.34634634634634637,13,0.7676694028219735,0.7271677325178367
72,0.5,no_damping,9.992007221626409e-16,341588310741.287,0.012012012012012012,1000,-0.42771975608407964,0.6701754064921148
72,0.5,cosine,1.5183683292096203e-06,0.1401577503587453,0.1841841841841842,528,0.112747417639061,0.33016387092758176
72,0.5,grad_clip,0.0,0.06675784979748017,0.5155155155155156,11,0.20161100297126208,0.7756054665512173
72,0.5,adam,1.1228127206828397e-05,0.14189405344933687,0.42742742742742745,27,0.01965655960965916,0.32987799094306397
72,0.5,adaptive,0.0,0.2288696383624795,0.34234234234234234,77,0.7688589360531629,0.6985204494905487
73,0.5,no_damping,9.992007221626409e-16,267907493260.9295,0.014014014014014014,1000,-0.3887412831162879,-0.8362384253546373
73,0.5,cosine,0.0017489342244703262,0.12852130813580276,0.2012012012012012,527,0.11917141560627094,0.17881734305498034
73,0.5,grad_clip,1.0323011187909081,0.5501660104987096,0.5235235235235235,19,0.5437193610723989,0.7934301107696768
73,0.5,adam,0.1503994304703852,0.24624290749699954,0.42542542542542544,52,0.22556385403378182,0.2491185709883594
73,0.5,adaptive,70.18500704030805,4.296855489221792,0.3563563563563564,42,0.7424866389942952,0.7391142352409052
74,0.5,no_damping,9.992007221626409e-16,223465838760.7327,0.013013013013013013,1000,-0.41522905201028326,0.6722493096084695
74,0.5,cosine,0.014217864065278928,0.5373606526898406,0.2022022022022022,562,0.003477763531840778,0.15883538115206097
74,0.5,grad_clip,0.0,0.36251409132818674,0.5205205205205206,4,0.6463800179256792,0.7902664371371622
74,0.5,adam,0.011433350348498909,0.5094514719098842,0.4184184184184184,6,0.30834540964576523,0.3545794927630799
74,0.5,adaptive,0.0,1.5077037459724303,0.35035035035035034,6,0.7127366123903603,0.7200403063036365
75,0.5,no_damping,9.992007221626409e-16,488433405768.3413,0.016016016016016016,1000,-0.40873509434809197,-0.8424077716563746
75,0.5,cosine,1.385102395977995e-05,0.2566611414560628,0.21021021021021022,539,0.07344859092421566,0.2687228953752093
75,0.5,grad_clip,0.0,0.040460860543336204,0.5075075075075075,10,0.5789918533064253,0.8021094538098384
75,0.5,adam,0.0,0.13398901104047653,0.4034034034034034,45,0.26513231982635294,0.2966785176561095
75,0.5,adaptive,0.0,1.7123099374368962,0.35235235235235235,23,0.5743217435083999,0.7388601213453664
76,0.5,no_damping,9.992007221626409e-16,323835090466.05084,0.013013013013013013,1000,-0.41735232022032054,0.6663268665646372
76,0.5,cosine,0.0012935731454362669,0.12574860328157353,0.2062062062062062,541,0.12092176762700055,0.33811420924858254
76,0.5,grad_clip,0.0,0.23751216253900906,0.5185185185185185,14,0.24401341079222566,0.7685697600988944
76,0.5,adam,0.00037467061576683657,0.15268036268643956,0.44844844844844844,13,0.0502683319700404,0.3246420345817498
76,0.5,adaptive,0.0,0.48467863883065015,0.34534534534534533,81,0.7215623267866804,0.7320911678969072
77,0.5,no_damping,9.992007221626409e-16,286040822217.24634,0.018018018018018018,1000,-0.35116331032870735,0.6523735777221582
77,0.5,cosine,0.005509715662839923,0.22190236817583914,0.19119119119119118,551,0.12863488053323233,0.38666933618814486
77,0.5,grad_clip,0.0,0.08591513191324542,0.5085085085085085,11,0.09549958927629261,0.7595646623417334
77,0.5,adam,0.01123149165001251,0.2823372759782906,0.4184184184184184,13,0.030090938535490268,0.32453054950005844
77,0.5,adaptive,0.0,1.0784637425351289,0.3533533533533533,19,0.6504011992865013,0.7059329444351076
78,0.5,no_damping,9.992007221626409e-16,332964452522.38824,0.013013013013013013,1000,-0.41837785650256576,0.6662478067849981
78,0.5,cosine,0.015518338298198207,0.10610682044330404,0.1921921921921922,561,0.12037244449209278,0.35142043779099325
78,0.5,grad_clip,7.897578051833704,2.2730290779372924,0.5245245245245245,6,0.5301947029002834,0.7884254271182469
78,0.5,adam,0.16453521695934012,0.33770539313937575,0.4134134134134134,10,0.19484607710761703,0.3626571037841939
78,0.5,adaptive,321.3164270410357,17.697724984791485,0.3133133133133133,11,0.6711868416236999,0.7423763890268903
79,0.5,no_damping,9.992007221626409e-16,381688633739.46375,0.012012012012012012,1000,-0.4314478156907247,-0.8400293500653933
79,0.5,cosine,2.3982212393215718e-05,0.10313727750381962,0.1921921921921922,546,0.1279246200364149,0.15761320374325022
79,0.5,grad_clip,0.009625082765568319,0.1334590589718158,0.5305305305305306,10,0.4591729402105907,0.797137451990071
79,0.5,adam,0.0,0.20827787051243477,0.4024024024024024,19,0.1844706919281137,0.3334915075285168
79,0.5,adaptive,0.0,2.886350761091753,0.3483483483483483,17,0.6261521324321695,0.7091462560144699
80,0.5,no_damping,9.992007221626409e-16,330401074557.5681,0.013013013013013013,1000,-0.41805950000566455,-0.8406671495371396
80,0.5,cosine,0.0017081805551353248,0.13915512676524516,0.19519519519519518,531,0.1279936431880025,0.16836709085904986
80,0.5,grad_clip,1.069159578912443,0.6350597177815984,0.5125125125125125,10,0.35271988054169173,0.7638683631467232
80,0.5,adam,0.015979715828353433,0.12433655022575452,0.42242242242242245,28,0.07938149212572257,0.23083051796050696
80,0.5,adaptive,66.84080108615677,5.88886668231507,0.34934934934934936,25,0.7187740570040555,0.7550951123647882
81,0.5,no_damping,9.992007221626409e-16,390734958312.8875,0.013013013013013013,1000,-0.42389699733847785,0.6658263513425683
81,0.5,cosine,0.00766012504172331,0.15373224265217256,0.2122122122122122,553,0.1352664429733719,0.4093781437439915
81,0.5,grad_clip,1.769631138453786,0.8666858933163534,0.5075075075075075,7,0.45561188178686735,0.7796930860087289
81,0.5,adam,0.014339119739622236,0.2578470136598358,0.4444444444444444,10,0.18078717201029462,0.3289463432643293
81,0.5,adaptive,1048.536297057068,19.33847002467651,0.35535535535535534,13,0.7207244111419009,0.7395996615672729
