regime,hallucination_rate,seed,spearman_rho,kendall_tau,final_V_true,final_V_hat
stationary,0.0,42,0.5076,0.3637,0.0375,0.0
stationary,0.0,43,0.5376,0.3893,0.0441,0.0
stationary,0.0,44,0.4945,0.3553,0.3303,0.0853
stationary,0.0,45,0.5326,0.3792,0.0198,0.0
stationary,0.0,46,0.5034,0.3622,0.0759,0.0021
stationary,0.0,47,0.4592,0.3296,0.023,0.0
stationary,0.0,48,0.519,0.373,0.2019,0.0081
stationary,0.0,49,0.5052,0.3599,0.0653,0.0024
stationary,0.0,50,0.5193,0.3725,0.258,0.0004
stationary,0.0,51,0.531,0.3743,0.1092,0.0019
stationary,0.0,52,0.4983,0.3519,0.0346,0.0
stationary,0.0,53,0.5061,0.3631,0.1664,0.0028
stationary,0.0,54,0.4659,0.3398,0.113,0.0044
stationary,0.0,55,0.4467,0.3274,0.2062,0.0125
stationary,0.0,56,0.491,0.3588,0.2861,0.0251
stationary,0.0,57,0.5125,0.368,0.3207,0.0291
stationary,0.0,58,0.4692,0.3372,0.1264,0.0051
stationary,0.0,59,0.4677,0.3408,0.2376,0.0183
stationary,0.0,60,0.464,0.3343,0.1025,0.0039
stationary,0.0,61,0.4876,0.3531,0.0105,0.0
stationary,0.0,62,0.4359,0.3149,0.1889,0.0025
stationary,0.0,63,0.4332,0.3168,0.2444,0.0577
stationary,0.0,64,0.4855,0.3489,0.0262,0.0004
stationary,0.0,65,0.4499,0.3271,0.0466,0.0
stationary,0.0,66,0.5521,0.3969,0.1777,0.0025
stationary,0.0,67,0.5079,0.3602,0.0311,0.0003
stationary,0.0,68,0.4538,0.3322,0.0353,0.0
stationary,0.0,69,0.4931,0.3614,0.0847,0.0
stationary,0.0,70,0.4922,0.356,0.3269,0.0067
stationary,0.0,71,0.4826,0.3406,0.0858,0.0001
stationary,0.0,72,0.5424,0.3942,0.2684,0.0285
stationary,0.0,73,0.4866,0.3505,0.0863,0.0
stationary,0.0,74,0.5369,0.3821,0.2283,0.0158
stationary,0.0,75,0.4844,0.3469,0.0889,0.0116
stationary,0.0,76,0.497,0.3566,0.1462,0.018
stationary,0.0,77,0.5065,0.3671,0.1535,0.0123
stationary,0.0,78,0.5276,0.3806,0.2078,0.0707
stationary,0.0,79,0.4814,0.3388,0.0949,0.0023
stationary,0.0,80,0.5094,0.3676,0.3321,0.0043
stationary,0.0,81,0.5208,0.3767,0.0786,0.0
stationary,0.0,82,0.4756,0.3474,0.1189,0.0038
stationary,0.0,83,0.5058,0.3634,0.2901,0.0059
stationary,0.0,84,0.4372,0.3211,0.1816,0.0312
stationary,0.0,85,0.4839,0.3521,0.0888,0.0011
stationary,0.0,86,0.4511,0.3244,0.2354,0.0419
stationary,0.0,87,0.5528,0.397,0.2457,0.0003
stationary,0.0,88,0.4835,0.3505,0.0937,0.0013
stationary,0.0,89,0.5185,0.3715,0.0774,0.0001
stationary,0.0,90,0.4955,0.3596,0.1775,0.0305
stationary,0.0,91,0.552,0.3976,0.0606,0.0
stationary,0.0,92,0.4066,0.3028,0.0933,0.001
stationary,0.0,93,0.4453,0.3188,0.0563,0.0003
stationary,0.0,94,0.4476,0.3187,0.0046,0.0
stationary,0.0,95,0.5293,0.3818,0.0557,0.0014
stationary,0.0,96,0.4613,0.3348,0.0586,0.0
stationary,0.0,97,0.5644,0.4114,0.1619,0.011
stationary,0.0,98,0.4536,0.326,0.1526,0.0012
stationary,0.0,99,0.533,0.382,0.0452,0.0
stationary,0.0,100,0.4927,0.3572,0.0829,0.0019
stationary,0.0,101,0.4693,0.3406,0.0548,0.0
stationary,0.0,102,0.4578,0.3328,0.0237,0.0005
stationary,0.0,103,0.4433,0.3186,0.461,0.061
stationary,0.0,104,0.5218,0.3713,0.0315,0.0001
stationary,0.0,105,0.4777,0.3489,0.0131,0.0
stationary,0.0,106,0.5157,0.3706,0.0254,0.0
stationary,0.0,107,0.517,0.3737,0.0623,0.0036
stationary,0.0,108,0.4396,0.3282,0.0584,0.0008
stationary,0.0,109,0.4806,0.3434,0.2971,0.0507
stationary,0.0,110,0.5299,0.3826,0.0809,0.0
stationary,0.0,111,0.5775,0.4126,0.0175,0.0
stationary,0.0,112,0.5069,0.3641,0.0553,0.0
stationary,0.0,113,0.4683,0.3349,0.0891,0.0008
stationary,0.0,114,0.4564,0.3268,0.143,0.0034
stationary,0.0,115,0.4822,0.352,0.067,0.0001
stationary,0.0,116,0.4867,0.3513,0.0448,0.0
stationary,0.0,117,0.5352,0.383,0.0988,0.0026
stationary,0.0,118,0.5,0.3563,0.0969,0.0016
stationary,0.0,119,0.4888,0.3538,0.009,0.0002
stationary,0.0,120,0.5008,0.3614,0.0442,0.0004
stationary,0.0,121,0.5396,0.3888,0.119,0.0008
stationary,0.0,122,0.4986,0.3613,0.0731,0.002
stationary,0.0,123,0.4713,0.3358,0.3246,0.1015
stationary,0.0,124,0.5039,0.3606,0.1214,0.0015
stationary,0.0,125,0.4492,0.3294,0.077,0.0007
stationary,0.0,126,0.4717,0.341,0.3637,0.0117
stationary,0.0,127,0.4303,0.3099,0.0856,0.0012
stationary,0.0,128,0.4802,0.3461,0.0914,0.0
stationary,0.0,129,0.4847,0.3455,0.0987,0.0001
stationary,0.0,130,0.5361,0.3889,0.2232,0.0204
stationary,0.0,131,0.4899,0.3496,0.0548,0.0
stationary,0.0,132,0.4829,0.348,0.0641,0.0004
stationary,0.0,133,0.4515,0.325,0.0338,0.0
stationary,0.0,134,0.5231,0.3759,0.346,0.0822
stationary,0.0,135,0.5555,0.3993,0.1415,0.0077
stationary,0.0,136,0.4995,0.3627,0.1994,0.0008
stationary,0.0,137,0.4829,0.3458,0.1471,0.0259
stationary,0.0,138,0.4434,0.3241,0.1903,0.0023
stationary,0.0,139,0.4923,0.3573,0.0599,0.0023
stationary,0.0,140,0.4856,0.3564,0.0188,0.0
stationary,0.0,141,0.4728,0.3387,0.2124,0.0011
stationary,0.0,142,0.4787,0.3443,0.0117,0.0002
stationary,0.0,143,0.5147,0.3715,0.1499,0.0141
stationary,0.0,144,0.5105,0.3658,0.5499,0.1056
stationary,0.0,145,0.473,0.3476,0.1294,0.0001
stationary,0.0,146,0.5118,0.3667,0.0513,0.0
stationary,0.0,147,0.4716,0.3389,0.0427,0.0
stationary,0.0,148,0.4833,0.3472,0.1452,0.0001
stationary,0.0,149,0.4793,0.3465,0.1212,0.0062
stationary,0.0,150,0.5809,0.4203,0.0386,0.0
stationary,0.0,151,0.4031,0.296,0.1495,0.0111
stationary,0.0,152,0.5301,0.386,0.0762,0.0003
stationary,0.0,153,0.4266,0.3054,0.0796,0.0
stationary,0.0,154,0.5402,0.3908,0.2177,0.0183
stationary,0.0,155,0.5213,0.3763,0.0433,0.0
stationary,0.0,156,0.5129,0.3675,0.1094,0.0
stationary,0.0,157,0.5145,0.3657,0.2701,0.0095
stationary,0.0,158,0.4419,0.322,0.0439,0.0014
stationary,0.0,159,0.5008,0.3626,0.0521,0.0005
stationary,0.0,160,0.4652,0.3374,0.0779,0.0062
stationary,0.0,161,0.4259,0.3161,0.1686,0.0014
stationary,0.0,162,0.531,0.3793,0.0256,0.0
stationary,0.0,163,0.5253,0.3769,0.0476,0.0
stationary,0.0,164,0.4391,0.3212,0.1755,0.0239
stationary,0.0,165,0.5041,0.3637,0.2213,0.009
stationary,0.0,166,0.4958,0.3616,0.138,0.0006
stationary,0.0,167,0.4974,0.3616,0.0915,0.0037
stationary,0.0,168,0.518,0.3718,0.1218,0.0002
stationary,0.0,169,0.463,0.3356,0.2215,0.0232
stationary,0.0,170,0.4861,0.3499,0.0856,0.0013
stationary,0.0,171,0.5012,0.3563,0.2645,0.0667
stationary,0.0,172,0.5262,0.3779,0.0962,0.0009
stationary,0.0,173,0.5333,0.3821,0.2052,0.0066
stationary,0.0,174,0.5087,0.3658,0.0851,0.0037
stationary,0.0,175,0.4857,0.3512,0.2003,0.0033
stationary,0.0,176,0.5173,0.3677,0.0211,0.0
stationary,0.0,177,0.4827,0.3522,0.0935,0.0007
stationary,0.0,178,0.5494,0.393,0.1544,0.0074
stationary,0.0,179,0.4993,0.3567,0.2379,0.0139
stationary,0.0,180,0.4883,0.3502,0.0679,0.0013
stationary,0.0,181,0.4834,0.3527,0.0618,0.0
stationary,0.0,182,0.4542,0.3251,0.0678,0.0
stationary,0.0,183,0.4658,0.3358,0.233,0.0011
stationary,0.0,184,0.5447,0.3924,0.0485,0.0016
stationary,0.0,185,0.4485,0.3244,0.0944,0.0019
stationary,0.0,186,0.5204,0.3731,0.136,0.0054
stationary,0.0,187,0.4501,0.3239,0.1375,0.0039
stationary,0.0,188,0.5039,0.3656,0.0768,0.0
stationary,0.0,189,0.5752,0.4193,0.2103,0.006
stationary,0.0,190,0.4936,0.3568,0.1812,0.0076
stationary,0.0,191,0.4561,0.3254,0.0514,0.0
stationary,0.0,192,0.5032,0.3583,0.099,0.0027
stationary,0.0,193,0.5259,0.376,0.2019,0.0082
stationary,0.0,194,0.4905,0.3503,0.2539,0.0641
stationary,0.0,195,0.5383,0.3864,0.0042,0.0
stationary,0.0,196,0.506,0.3632,0.1012,0.0051
stationary,0.0,197,0.5224,0.3768,0.0568,0.0007
stationary,0.0,198,0.5077,0.3699,0.2873,0.0027
stationary,0.0,199,0.4742,0.3418,0.256,0.0402
stationary,0.0,200,0.5302,0.3803,0.014,0.0
stationary,0.0,201,0.4663,0.3454,0.2055,0.0274
stationary,0.0,202,0.4574,0.3304,0.0293,0.0
stationary,0.0,203,0.4905,0.352,0.0713,0.0015
stationary,0.0,204,0.4493,0.324,0.2437,0.0742
stationary,0.0,205,0.4622,0.3335,0.037,0.0
stationary,0.0,206,0.4875,0.3519,0.0166,0.0
stationary,0.0,207,0.5167,0.3703,0.1056,0.0011
stationary,0.0,208,0.497,0.3613,0.5699,0.4241
stationary,0.0,209,0.5115,0.37,0.2227,0.0084
stationary,0.0,210,0.5122,0.37,0.3184,0.0291
stationary,0.0,211,0.4222,0.3053,0.019,0.0
stationary,0.0,212,0.4881,0.3517,0.0473,0.0
stationary,0.0,213,0.4973,0.3539,0.1082,0.0008
stationary,0.0,214,0.4563,0.3313,0.0225,0.0
stationary,0.0,215,0.5459,0.3914,0.1777,0.0247
stationary,0.0,216,0.4957,0.3614,0.0273,0.0
stationary,0.0,217,0.4345,0.3154,0.0494,0.0004
stationary,0.0,218,0.4968,0.3602,0.0073,0.0
stationary,0.0,219,0.4822,0.3491,0.2013,0.0026
stationary,0.0,220,0.4837,0.3455,0.1399,0.0012
stationary,0.0,221,0.5335,0.3834,0.4711,0.0751
stationary,0.0,222,0.5104,0.362,0.1224,0.0
stationary,0.0,223,0.4681,0.3325,0.226,0.0434
stationary,0.0,224,0.5097,0.3654,0.1199,0.0001
stationary,0.0,225,0.481,0.3546,0.1901,0.0216
stationary,0.0,226,0.5041,0.3696,0.135,0.0018
stationary,0.0,227,0.4284,0.3114,0.0985,0.0
stationary,0.0,228,0.5316,0.3831,0.1297,0.0043
stationary,0.0,229,0.5655,0.4038,0.2317,0.0083
stationary,0.0,230,0.5499,0.3927,0.1043,0.0018
stationary,0.0,231,0.461,0.3353,0.2535,0.0034
stationary,0.0,232,0.4848,0.3531,0.1136,0.0006
stationary,0.0,233,0.4809,0.3557,0.0723,0.0
stationary,0.0,234,0.5242,0.3734,0.0216,0.0
stationary,0.0,235,0.4007,0.297,0.0519,0.0003
stationary,0.0,236,0.5001,0.3613,0.1096,0.0074
stationary,0.0,237,0.4629,0.337,0.4885,0.2669
stationary,0.0,238,0.4551,0.3286,0.2352,0.0167
stationary,0.0,239,0.4937,0.3658,0.1531,0.0015
stationary,0.0,240,0.5485,0.3955,0.0414,0.0
stationary,0.0,241,0.4651,0.3395,0.0154,0.0
stationary,0.1,42,0.4125,0.3073,0.2793,0.0
stationary,0.1,43,0.4239,0.3171,0.0431,0.0
stationary,0.1,44,0.3874,0.287,0.0754,0.0
stationary,0.1,45,0.4215,0.3158,0.0211,0.0
stationary,0.1,46,0.4465,0.3345,0.1637,0.0113
stationary,0.1,47,0.3736,0.2816,0.0615,0.0001
stationary,0.1,48,0.4367,0.3289,0.0207,0.0008
stationary,0.1,49,0.4248,0.3142,0.0592,0.0
stationary,0.1,50,0.4456,0.3321,10.0256,53.2419
stationary,0.1,51,0.4643,0.3455,0.1179,0.0008
stationary,0.1,52,0.3806,0.2864,0.0552,0.0001
stationary,0.1,53,0.3791,0.2805,0.3728,0.0319
stationary,0.1,54,0.3951,0.2934,0.2727,0.0053
stationary,0.1,55,0.3873,0.2925,0.5539,0.3058
stationary,0.1,56,0.4797,0.3668,0.0216,0.0
stationary,0.1,57,0.4566,0.3436,3.5223,4.9041
stationary,0.1,58,0.469,0.3575,0.1455,0.0
stationary,0.1,59,0.4299,0.3279,0.0297,0.0
stationary,0.1,60,0.4211,0.3213,0.0721,0.0026
stationary,0.1,61,0.3989,0.3012,0.1519,0.0404
stationary,0.1,62,0.3956,0.2948,8.1343,92.5429
stationary,0.1,63,0.3484,0.2617,0.3728,0.0
stationary,0.1,64,0.3867,0.2925,0.0465,0.0
stationary,0.1,65,0.3713,0.2751,1.2227,1.8682
stationary,0.1,66,0.4574,0.3422,0.0426,0.0
stationary,0.1,67,0.4361,0.3285,2.5953,0.8493
stationary,0.1,68,0.3893,0.2931,10.9087,20.9627
stationary,0.1,69,0.4094,0.3114,21.5628,100.2592
stationary,0.1,70,0.446,0.3367,0.0293,0.0
stationary,0.1,71,0.4307,0.3226,4.4834,8.1242
stationary,0.1,72,0.4005,0.2997,0.0389,0.0
stationary,0.1,73,0.412,0.3057,0.0656,0.0001
stationary,0.1,74,0.4062,0.3034,0.0774,0.0091
stationary,0.1,75,0.408,0.3075,0.0476,0.0041
stationary,0.1,76,0.4328,0.3295,2.059,0.9665
stationary,0.1,77,0.4064,0.311,0.3205,0.01
stationary,0.1,78,0.4374,0.3268,0.1016,0.0025
stationary,0.1,79,0.4593,0.3447,2.0524,0.0028
stationary,0.1,80,0.4081,0.3081,0.1231,0.0
stationary,0.1,81,0.4424,0.335,0.108,0.0042
stationary,0.1,82,0.4002,0.304,0.0972,0.0005
stationary,0.1,83,0.3906,0.2919,0.1661,0.0
stationary,0.1,84,0.3887,0.2992,0.1054,0.0
stationary,0.1,85,0.4066,0.3064,2.4407,3.7928
stationary,0.1,86,0.3607,0.2686,0.2113,0.0327
stationary,0.1,87,0.4339,0.324,0.1356,0.0002
stationary,0.1,88,0.4131,0.3052,1.3566,0.0693
stationary,0.1,89,0.4032,0.3048,30.997,1226.632
stationary,0.1,90,0.3933,0.2916,0.1102,0.003
stationary,0.1,91,0.3909,0.2925,0.0079,0.0
stationary,0.1,92,0.3135,0.2388,0.6218,0.2672
stationary,0.1,93,0.363,0.275,0.0344,0.0002
stationary,0.1,94,0.3962,0.2972,5.9129,21.7285
stationary,0.1,95,0.4433,0.3384,0.0257,0.0
stationary,0.1,96,0.3766,0.2805,11.4993,58.3777
stationary,0.1,97,0.3967,0.2945,0.206,0.0019
stationary,0.1,98,0.4086,0.3069,0.429,0.0
stationary,0.1,99,0.4417,0.3352,0.0333,0.0001
stationary,0.1,100,0.4233,0.3178,0.0075,0.0001
stationary,0.1,101,0.4537,0.3469,0.0323,0.0
stationary,0.1,102,0.4206,0.3206,0.0574,0.0023
stationary,0.1,103,0.4285,0.3196,0.093,0.0005
stationary,0.1,104,0.4407,0.3331,0.0493,0.0
stationary,0.1,105,0.4646,0.3534,6.3671,28.8489
stationary,0.1,106,0.3506,0.2667,1.7909,3.5479
stationary,0.1,107,0.4025,0.3002,0.1145,0.005
stationary,0.1,108,0.3383,0.2647,0.2357,0.0
stationary,0.1,109,0.3973,0.2973,0.0066,0.0
stationary,0.1,110,0.3857,0.2914,0.0317,0.0
stationary,0.1,111,0.4163,0.3107,0.1339,0.0049
stationary,0.1,112,0.4152,0.31,0.1268,0.0
stationary,0.1,113,0.3946,0.2945,0.1243,0.0005
stationary,0.1,114,0.3425,0.2579,2.6737,10.271
stationary,0.1,115,0.4004,0.3024,3.3819,2.1163
stationary,0.1,116,0.452,0.3397,0.0463,0.0009
stationary,0.1,117,0.4035,0.3058,0.1387,0.0
stationary,0.1,118,0.4367,0.3273,0.0028,0.0003
stationary,0.1,119,0.3707,0.2823,0.2478,0.0121
stationary,0.1,120,0.418,0.314,0.0342,0.0
stationary,0.1,121,0.4503,0.3395,0.0215,0.0003
stationary,0.1,122,0.3976,0.2976,0.0749,0.0018
stationary,0.1,123,0.4019,0.304,0.0096,0.0002
stationary,0.1,124,0.4508,0.3387,0.0316,0.0
stationary,0.1,125,0.3793,0.2871,0.0432,0.002
stationary,0.1,126,0.4753,0.3627,0.0214,0.0006
stationary,0.1,127,0.4176,0.3151,0.0512,0.0
stationary,0.1,128,0.3099,0.2307,0.2393,0.0
stationary,0.1,129,0.374,0.2816,0.0629,0.0
stationary,0.1,130,0.4305,0.3226,0.1784,0.0
stationary,0.1,131,0.3834,0.2855,0.6136,0.0
stationary,0.1,132,0.4048,0.307,0.5689,0.0
stationary,0.1,133,0.3758,0.2814,0.173,0.0018
stationary,0.1,134,0.3713,0.2756,0.1426,0.0001
stationary,0.1,135,0.4353,0.3267,0.3233,0.0311
stationary,0.1,136,0.3815,0.2846,0.316,0.0694
stationary,0.1,137,0.3992,0.301,0.1104,0.0034
stationary,0.1,138,0.3603,0.2736,0.1423,0.0
stationary,0.1,139,0.3754,0.2811,0.023,0.0
stationary,0.1,140,0.3604,0.275,0.1059,0.0027
stationary,0.1,141,0.4314,0.3291,0.0055,0.0001
stationary,0.1,142,0.4486,0.3385,1.0778,0.188
stationary,0.1,143,0.3727,0.276,0.0942,0.0019
stationary,0.1,144,0.452,0.3365,0.0476,0.0005
stationary,0.1,145,0.4095,0.3202,0.842,0.0
stationary,0.1,146,0.4085,0.3035,0.2659,0.0062
stationary,0.1,147,0.3931,0.2934,6.1453,14.534
stationary,0.1,148,0.4421,0.3326,0.9626,0.0515
stationary,0.1,149,0.4187,0.3133,9.4686,47.5752
stationary,0.1,150,0.4183,0.3112,0.2952,0.0173
stationary,0.1,151,0.3621,0.2733,0.0271,0.0
stationary,0.1,152,0.3614,0.2677,0.0748,0.0015
stationary,0.1,153,0.4254,0.32,0.0811,0.0
stationary,0.1,154,0.4402,0.3303,0.0644,0.0027
stationary,0.1,155,0.4553,0.3427,0.0287,0.0001
stationary,0.1,156,0.4292,0.3214,0.2131,0.0137
stationary,0.1,157,0.4206,0.3139,0.1195,0.0019
stationary,0.1,158,0.4027,0.3099,0.0095,0.0
stationary,0.1,159,0.4094,0.3049,0.015,0.0002
stationary,0.1,160,0.3408,0.2571,0.0268,0.0
stationary,0.1,161,0.3744,0.2858,0.0054,0.0001
stationary,0.1,162,0.4657,0.3475,0.1227,0.0033
stationary,0.1,163,0.3924,0.2911,0.4653,0.0
stationary,0.1,164,0.3866,0.2899,3.0895,2.7223
stationary,0.1,165,0.3963,0.2982,0.1935,0.0235
stationary,0.1,166,0.3597,0.2698,0.5999,0.0
stationary,0.1,167,0.3922,0.2928,0.4716,0.0
stationary,0.1,168,0.3949,0.301,0.0473,0.001
stationary,0.1,169,0.379,0.2843,0.165,0.0002
stationary,0.1,170,0.3664,0.278,0.0999,0.001
stationary,0.1,171,0.4392,0.3243,0.9637,0.0
stationary,0.1,172,0.4037,0.3039,0.1068,0.0006
stationary,0.1,173,0.4298,0.3187,0.0148,0.0
stationary,0.1,174,0.4767,0.3557,0.0743,0.0002
stationary,0.1,175,0.4076,0.3107,0.012,0.0001
stationary,0.1,176,0.3877,0.287,0.1897,0.0053
stationary,0.1,177,0.4043,0.3014,0.1036,0.0034
stationary,0.1,178,0.4249,0.3205,0.6082,0.0
stationary,0.1,179,0.4871,0.3685,0.1186,0.0
stationary,0.1,180,0.3878,0.2928,0.1861,0.0002
stationary,0.1,181,0.3831,0.2906,0.037,0.0001
stationary,0.1,182,0.3762,0.2811,1.0714,0.0033
stationary,0.1,183,0.4573,0.3476,0.2021,0.0007
stationary,0.1,184,0.4038,0.3027,0.0007,0.0003
stationary,0.1,185,0.3136,0.2297,0.0628,0.0013
stationary,0.1,186,0.4509,0.3395,0.1442,0.0003
stationary,0.1,187,0.4595,0.3444,0.0532,0.0001
stationary,0.1,188,0.4238,0.3189,0.0598,0.0004
stationary,0.1,189,0.4341,0.3229,0.1164,0.0059
stationary,0.1,190,0.3917,0.293,0.0559,0.0001
stationary,0.1,191,0.4052,0.3044,3.2074,1.2688
stationary,0.1,192,0.3935,0.2929,0.1881,0.0
stationary,0.1,193,0.4644,0.3472,6.1353,8.9221
stationary,0.1,194,0.4226,0.3202,5.1824,15.4554
stationary,0.1,195,0.4639,0.3497,0.7681,0.2838
stationary,0.1,196,0.3879,0.2913,0.0551,0.0
stationary,0.1,197,0.3566,0.2639,0.7655,0.0018
stationary,0.1,198,0.3972,0.2991,0.088,0.0
stationary,0.1,199,0.3948,0.2999,0.8244,0.0134
stationary,0.1,200,0.425,0.3178,0.2072,0.0101
stationary,0.1,201,0.3296,0.2507,0.1115,0.0056
stationary,0.1,202,0.3642,0.2806,0.0086,0.0
stationary,0.1,203,0.4313,0.3232,0.0064,0.0
stationary,0.1,204,0.4207,0.3142,5.9872,19.617
stationary,0.1,205,0.3872,0.2891,0.2191,0.0049
stationary,0.1,206,0.4038,0.3039,0.4816,0.0
stationary,0.1,207,0.4066,0.3026,0.0267,0.0004
stationary,0.1,208,0.4358,0.33,0.1501,0.0044
stationary,0.1,209,0.4628,0.348,11.4293,72.8321
stationary,0.1,210,0.409,0.3075,0.0299,0.0001
stationary,0.1,211,0.3771,0.2835,7.4833,78.2242
stationary,0.1,212,0.3884,0.2946,0.0735,0.0
stationary,0.1,213,0.4329,0.3197,0.1073,0.0
stationary,0.1,214,0.3505,0.2675,0.0076,0.0
stationary,0.1,215,0.4948,0.3711,0.0498,0.0001
stationary,0.1,216,0.3942,0.2972,0.0568,0.0
stationary,0.1,217,0.406,0.3063,0.0956,0.0
stationary,0.1,218,0.3838,0.2843,0.2105,0.0002
stationary,0.1,219,0.3907,0.2935,5.7088,29.1643
stationary,0.1,220,0.4443,0.3346,0.5175,0.012
stationary,0.1,221,0.4278,0.318,0.044,0.0002
stationary,0.1,222,0.4137,0.309,1.1744,0.9609
stationary,0.1,223,0.4354,0.324,0.1374,0.0
stationary,0.1,224,0.4366,0.3245,0.0812,0.0
stationary,0.1,225,0.3682,0.2824,0.1026,0.0066
stationary,0.1,226,0.4105,0.3112,0.2335,0.006
stationary,0.1,227,0.3885,0.2913,0.1745,0.0083
stationary,0.1,228,0.4523,0.3399,0.2136,0.007
stationary,0.1,229,0.3979,0.2999,0.0969,0.0
stationary,0.1,230,0.5227,0.3953,0.975,0.1781
stationary,0.1,231,0.4004,0.3096,0.0673,0.0
stationary,0.1,232,0.4472,0.338,0.1926,0.0
stationary,0.1,233,0.4072,0.31,0.168,0.0202
stationary,0.1,234,0.4618,0.3453,0.1291,0.006
stationary,0.1,235,0.3476,0.271,0.3966,0.1931
stationary,0.1,236,0.4046,0.3018,0.0041,0.0001
stationary,0.1,237,0.3795,0.2813,0.8621,0.0051
stationary,0.1,238,0.4015,0.3109,0.0695,0.0
stationary,0.1,239,0.3837,0.2913,0.1042,0.0066
stationary,0.1,240,0.4588,0.3478,0.2556,0.0
stationary,0.1,241,0.3637,0.2757,0.0447,0.001
stationary,0.3,42,0.6543,0.5016,0.3369,0.0
stationary,0.3,43,0.6255,0.4783,0.9449,0.0015
stationary,0.3,44,0.6653,0.5158,0.5321,0.0
stationary,0.3,45,0.6447,0.4898,1.067,0.5351
stationary,0.3,46,0.6563,0.5076,0.3794,0.0
stationary,0.3,47,0.5841,0.4451,0.8837,0.0003
stationary,0.3,48,0.6369,0.4876,0.0657,0.0003
stationary,0.3,49,0.6531,0.5033,0.0374,0.0
stationary,0.3,50,0.6562,0.5071,4.3038,5.4914
stationary,0.3,51,0.6436,0.4945,0.3702,0.0
stationary,0.3,52,0.6331,0.4795,1.9697,0.0
stationary,0.3,53,0.6448,0.4962,5.7932,11.4273
stationary,0.3,54,0.6347,0.4883,0.4603,0.0
stationary,0.3,55,0.5713,0.4347,0.3871,0.181
stationary,0.3,56,0.579,0.4402,0.3015,0.0
stationary,0.3,57,0.6407,0.4925,2.3057,1.5444
stationary,0.3,58,0.5873,0.4505,0.4852,0.0
stationary,0.3,59,0.603,0.4665,0.1401,0.0068
stationary,0.3,60,0.6335,0.4862,0.819,0.0
stationary,0.3,61,0.6365,0.4865,6.5972,27.3466
stationary,0.3,62,0.6244,0.4763,2.8638,1.8648
stationary,0.3,63,0.5275,0.3961,0.2237,0.0
stationary,0.3,64,0.6343,0.4794,1.1485,0.0
stationary,0.3,65,0.6161,0.4672,1.7326,1.2094
stationary,0.3,66,0.6562,0.5014,0.4273,0.0
stationary,0.3,67,0.634,0.4839,2.9728,7.9513
stationary,0.3,68,0.614,0.4692,0.2253,0.0
stationary,0.3,69,0.5898,0.4556,0.483,0.002
stationary,0.3,70,0.6475,0.491,0.0226,0.0001
stationary,0.3,71,0.6555,0.4955,15.3433,30.1797
stationary,0.3,72,0.6225,0.4819,0.0108,0.0001
stationary,0.3,73,0.6195,0.4758,0.3279,0.0
stationary,0.3,74,0.6601,0.5107,1.334,0.0351
stationary,0.3,75,0.6227,0.4761,1.5847,0.0871
stationary,0.3,76,0.606,0.4659,1.7118,0.3525
stationary,0.3,77,0.5739,0.4408,1.0741,0.0
stationary,0.3,78,0.6009,0.4568,1.2105,0.4366
stationary,0.3,79,0.6199,0.4714,0.1092,0.0
stationary,0.3,80,0.5894,0.4492,0.1752,0.0
stationary,0.3,81,0.6768,0.5286,0.5441,0.0
stationary,0.3,82,0.6006,0.4582,0.066,0.0
stationary,0.3,83,0.6094,0.4593,2.1232,1.6694
stationary,0.3,84,0.5767,0.4426,2.0219,0.0077
stationary,0.3,85,0.6062,0.4647,2.2079,0.0191
stationary,0.3,86,0.5699,0.4292,3.4009,4.7479
stationary,0.3,87,0.714,0.5536,0.0394,0.0002
stationary,0.3,88,0.6409,0.4894,0.2893,0.0
stationary,0.3,89,0.635,0.4878,15.9373,97.5607
stationary,0.3,90,0.6239,0.4762,0.0532,0.0
stationary,0.3,91,0.6678,0.514,5.7505,26.0124
stationary,0.3,92,0.5554,0.4285,1.2644,0.0
stationary,0.3,93,0.5956,0.4549,1.2487,0.1829
stationary,0.3,94,0.6025,0.4613,5.6708,2.6221
stationary,0.3,95,0.5988,0.4553,2.8787,1.9114
stationary,0.3,96,0.6267,0.4716,4.6757,30.6267
stationary,0.3,97,0.596,0.4535,6.593,16.2807
stationary,0.3,98,0.6089,0.4705,2.3108,0.0098
stationary,0.3,99,0.6029,0.4557,0.0481,0.0005
stationary,0.3,100,0.5993,0.4515,0.5696,0.0
stationary,0.3,101,0.6431,0.4949,0.1426,0.0002
stationary,0.3,102,0.5815,0.4445,7.146,67.5908
stationary,0.3,103,0.6305,0.4867,1.8527,4.6903
stationary,0.3,104,0.6154,0.4682,1.1449,1.1082
stationary,0.3,105,0.6364,0.4874,5.3058,7.7297
stationary,0.3,106,0.5981,0.4566,3.2383,9.1187
stationary,0.3,107,0.5913,0.4569,0.055,0.0002
stationary,0.3,108,0.5689,0.4416,3.9915,0.0
stationary,0.3,109,0.6537,0.504,0.3996,0.0
stationary,0.3,110,0.6246,0.4782,0.3369,0.0
stationary,0.3,111,0.6453,0.4933,1.0565,0.0
stationary,0.3,112,0.6281,0.4773,0.3598,0.0
stationary,0.3,113,0.6425,0.4951,0.0341,0.0002
stationary,0.3,114,0.6352,0.4809,2.9986,3.6493
stationary,0.3,115,0.6289,0.4885,4.9319,29.9846
stationary,0.3,116,0.6975,0.5386,3.656,2.3842
stationary,0.3,117,0.6478,0.5018,0.0865,0.0
stationary,0.3,118,0.6414,0.4925,3.4348,3.6472
stationary,0.3,119,0.6174,0.4771,0.0205,0.0
stationary,0.3,120,0.6669,0.5154,1.2419,0.0
stationary,0.3,121,0.6702,0.5168,0.0454,0.0005
stationary,0.3,122,0.6463,0.5006,0.0147,0.0005
stationary,0.3,123,0.5898,0.445,4.2242,7.3793
stationary,0.3,124,0.6136,0.4631,1.1592,0.2541
stationary,0.3,125,0.5488,0.4198,0.4313,0.0033
stationary,0.3,126,0.5732,0.4315,1.0661,0.2238
stationary,0.3,127,0.6557,0.5097,2.8877,0.0
stationary,0.3,128,0.6323,0.4804,0.9189,0.0
stationary,0.3,129,0.5681,0.4292,0.6518,0.0
stationary,0.3,130,0.6759,0.524,0.6889,0.0062
stationary,0.3,131,0.6611,0.5087,0.37,0.0
stationary,0.3,132,0.575,0.4389,0.7326,0.0034
stationary,0.3,133,0.6348,0.4865,0.0859,0.0001
stationary,0.3,134,0.5794,0.4341,0.5108,0.0
stationary,0.3,135,0.6529,0.5017,0.4514,0.0
stationary,0.3,136,0.6258,0.4824,0.2222,0.0
stationary,0.3,137,0.6142,0.467,0.3828,0.0006
stationary,0.3,138,0.6098,0.4701,1.412,0.0
stationary,0.3,139,0.6202,0.4696,0.148,0.0005
stationary,0.3,140,0.621,0.4741,0.6654,0.0
stationary,0.3,141,0.6263,0.4817,0.1365,0.0
stationary,0.3,142,0.6091,0.4675,5.7933,8.6782
stationary,0.3,143,0.6127,0.4687,4.2334,17.4868
stationary,0.3,144,0.5748,0.4326,0.1098,0.0
stationary,0.3,145,0.6017,0.4649,0.0695,0.0
stationary,0.3,146,0.6585,0.5067,0.0373,0.0003
stationary,0.3,147,0.6217,0.4711,0.0195,0.0
stationary,0.3,148,0.5838,0.4461,0.2179,0.0
stationary,0.3,149,0.6365,0.4918,6.2179,17.2406
stationary,0.3,150,0.659,0.5112,0.2847,0.0081
stationary,0.3,151,0.5858,0.4471,0.2949,0.0854
stationary,0.3,152,0.6317,0.4814,2.0585,0.3478
stationary,0.3,153,0.6475,0.4982,0.5715,0.0
stationary,0.3,154,0.6098,0.4608,0.0935,0.0
stationary,0.3,155,0.6127,0.4691,4.1061,6.5725
stationary,0.3,156,0.6277,0.4858,2.8058,0.1117
stationary,0.3,157,0.6095,0.4644,0.3668,0.0017
stationary,0.3,158,0.6136,0.4757,4.9553,17.6877
stationary,0.3,159,0.6472,0.4947,0.4503,0.0
stationary,0.3,160,0.6236,0.4749,0.368,0.0
stationary,0.3,161,0.643,0.4924,0.2138,0.0002
stationary,0.3,162,0.6139,0.4652,3.4726,14.9525
stationary,0.3,163,0.6148,0.4651,0.0356,0.0002
stationary,0.3,164,0.596,0.4526,4.5549,1.7929
stationary,0.3,165,0.5899,0.4471,3.1928,7.1485
stationary,0.3,166,0.6291,0.4763,2.9188,0.1617
stationary,0.3,167,0.5808,0.4413,1.6056,0.9414
stationary,0.3,168,0.6293,0.4786,0.3923,0.0
stationary,0.3,169,0.6279,0.4823,0.3033,0.0
stationary,0.3,170,0.6159,0.4759,0.0373,0.0001
stationary,0.3,171,0.6496,0.4949,2.5579,0.0
stationary,0.3,172,0.6863,0.53,5.1727,19.6856
stationary,0.3,173,0.6147,0.4673,0.1558,0.0079
stationary,0.3,174,0.6499,0.4938,0.0568,0.0
stationary,0.3,175,0.6296,0.4772,2.1288,0.5659
stationary,0.3,176,0.6982,0.5401,6.6566,53.049
stationary,0.3,177,0.6481,0.5051,0.2111,0.0
stationary,0.3,178,0.6179,0.4681,1.695,0.6011
stationary,0.3,179,0.6017,0.4581,0.0889,0.0002
stationary,0.3,180,0.6233,0.4765,3.5455,5.182
stationary,0.3,181,0.6174,0.4659,13.5572,168.5307
stationary,0.3,182,0.6296,0.4855,0.0595,0.0
stationary,0.3,183,0.6365,0.4861,0.3767,0.0
stationary,0.3,184,0.6484,0.4973,3.6012,18.9885
stationary,0.3,185,0.6549,0.501,1.0344,0.0
stationary,0.3,186,0.6171,0.4679,0.0218,0.0
stationary,0.3,187,0.6164,0.475,0.0166,0.0
stationary,0.3,188,0.6126,0.4687,0.1714,0.0
stationary,0.3,189,0.6119,0.4708,0.2861,0.0001
stationary,0.3,190,0.6379,0.4879,0.4035,0.0382
stationary,0.3,191,0.6193,0.4749,0.0048,0.0
stationary,0.3,192,0.6295,0.4822,0.4242,0.0
stationary,0.3,193,0.6534,0.5029,20.4717,66.9063
stationary,0.3,194,0.5899,0.4487,1.4229,0.862
stationary,0.3,195,0.652,0.5001,2.7492,3.8828
stationary,0.3,196,0.6368,0.4901,0.2433,0.0
stationary,0.3,197,0.6227,0.4736,6.1043,12.2974
stationary,0.3,198,0.5846,0.4486,0.0203,0.0
stationary,0.3,199,0.5527,0.4213,2.095,0.193
stationary,0.3,200,0.5972,0.451,0.4042,0.0
stationary,0.3,201,0.5998,0.4632,0.155,0.0001
stationary,0.3,202,0.6415,0.4938,0.5555,0.0431
stationary,0.3,203,0.6605,0.5108,0.3731,0.0001
stationary,0.3,204,0.5986,0.458,0.6824,0.1702
stationary,0.3,205,0.6069,0.466,0.0134,0.0
stationary,0.3,206,0.6333,0.4853,0.0123,0.0
stationary,0.3,207,0.6152,0.4693,0.026,0.0005
stationary,0.3,208,0.6398,0.4909,0.2509,0.0252
stationary,0.3,209,0.629,0.4819,0.4109,0.0934
stationary,0.3,210,0.6085,0.4639,0.0595,0.0003
stationary,0.3,211,0.6414,0.4911,8.9909,56.5331
stationary,0.3,212,0.5871,0.4494,0.0131,0.0002
stationary,0.3,213,0.5943,0.4494,3.9858,0.9451
stationary,0.3,214,0.6154,0.4682,0.0944,0.0
stationary,0.3,215,0.6212,0.4741,2.0319,0.5673
stationary,0.3,216,0.591,0.4447,10.1618,63.7894
stationary,0.3,217,0.6281,0.4844,0.0158,0.0
stationary,0.3,218,0.5901,0.4454,0.0072,0.0003
stationary,0.3,219,0.6201,0.4743,7.6006,47.8444
stationary,0.3,220,0.6644,0.5076,1.2706,0.0254
stationary,0.3,221,0.6527,0.4961,0.044,0.0
stationary,0.3,222,0.6169,0.4676,3.556,4.2776
stationary,0.3,223,0.6381,0.4896,0.6163,0.0
stationary,0.3,224,0.6347,0.485,0.0069,0.0
stationary,0.3,225,0.599,0.4625,1.0236,0.0
stationary,0.3,226,0.545,0.4063,1.362,0.0
stationary,0.3,227,0.6276,0.4784,0.382,0.0
stationary,0.3,228,0.6069,0.4603,0.2621,0.0
stationary,0.3,229,0.6827,0.5273,0.1726,0.0
stationary,0.3,230,0.6701,0.5142,2.7707,7.3706
stationary,0.3,231,0.6526,0.5079,0.4054,0.0
stationary,0.3,232,0.6047,0.4628,3.6549,8.6516
stationary,0.3,233,0.5721,0.4313,0.7258,0.0
stationary,0.3,234,0.6419,0.4912,0.5825,0.0
stationary,0.3,235,0.5852,0.4515,6.191,9.582
stationary,0.3,236,0.6599,0.5062,0.4214,0.0478
stationary,0.3,237,0.6207,0.4768,3.0945,2.8248
stationary,0.3,238,0.6076,0.4611,3.0335,7.0349
stationary,0.3,239,0.5927,0.4538,0.0601,0.0
stationary,0.3,240,0.6389,0.4903,0.3261,0.0
stationary,0.3,241,0.6152,0.4707,0.0092,0.0
stationary,0.5,42,0.7201,0.5706,3.5398,13.5211
stationary,0.5,43,0.735,0.5749,0.3084,0.0
stationary,0.5,44,0.7581,0.5943,0.1165,0.0
stationary,0.5,45,0.7357,0.5709,0.3993,0.0
stationary,0.5,46,0.7445,0.5843,0.5171,0.0
stationary,0.5,47,0.714,0.5585,0.1748,0.0
stationary,0.5,48,0.7297,0.5744,0.5068,0.0
stationary,0.5,49,0.7729,0.6094,4.3218,3.1267
stationary,0.5,50,0.7653,0.5954,1.1651,0.0
stationary,0.5,51,0.7159,0.5565,0.1805,0.0
stationary,0.5,52,0.7405,0.5777,0.7139,0.0
stationary,0.5,53,0.7122,0.5527,3.4258,6.6032
stationary,0.5,54,0.7405,0.5755,1.2948,0.0
stationary,0.5,55,0.6945,0.5452,0.8897,0.0
stationary,0.5,56,0.7426,0.5819,0.1805,0.0
stationary,0.5,57,0.6948,0.5399,1.0035,1.2147
stationary,0.5,58,0.716,0.5606,0.4705,0.0
stationary,0.5,59,0.6707,0.5255,0.1997,0.0002
stationary,0.5,60,0.7434,0.5864,1.4277,0.6406
stationary,0.5,61,0.7363,0.5802,0.4666,0.0268
stationary,0.5,62,0.7459,0.5833,10.5791,76.0609
stationary,0.5,63,0.7187,0.5677,4.7345,25.0485
stationary,0.5,64,0.7189,0.56,0.4023,0.0
stationary,0.5,65,0.7193,0.5601,0.3343,0.0
stationary,0.5,66,0.7423,0.5761,0.173,0.0003
stationary,0.5,67,0.7273,0.5598,5.0524,2.6284
stationary,0.5,68,0.7224,0.564,0.594,0.0156
stationary,0.5,69,0.6945,0.5455,6.1982,5.8993
stationary,0.5,70,0.734,0.5758,7.7235,15.7988
stationary,0.5,71,0.7514,0.5884,2.351,1.2188
stationary,0.5,72,0.7554,0.5871,0.0507,0.0
stationary,0.5,73,0.7409,0.5721,0.0965,0.0001
stationary,0.5,74,0.6922,0.5425,2.0765,0.8668
stationary,0.5,75,0.76,0.5992,6.0095,13.481
stationary,0.5,76,0.7275,0.5704,6.1705,3.919
stationary,0.5,77,0.6987,0.5451,0.7229,0.035
stationary,0.5,78,0.7242,0.5595,0.348,0.0
stationary,0.5,79,0.6988,0.5455,0.3891,0.0089
stationary,0.5,80,0.7024,0.5481,0.8021,0.0
stationary,0.5,81,0.7097,0.5503,0.5808,0.0
stationary,0.5,82,0.7137,0.5601,1.2733,1.0896
stationary,0.5,83,0.7352,0.5742,1.1335,0.0
stationary,0.5,84,0.6844,0.5312,2.8071,0.2806
stationary,0.5,85,0.6843,0.5372,2.339,0.6597
stationary,0.5,86,0.735,0.5725,0.1069,0.0
stationary,0.5,87,0.761,0.5954,0.2199,0.0003
stationary,0.5,88,0.7081,0.5557,12.9567,106.0509
stationary,0.5,89,0.704,0.5429,4.2258,0.0
stationary,0.5,90,0.7378,0.5731,0.1629,0.0
stationary,0.5,91,0.7402,0.5813,0.3486,0.0
stationary,0.5,92,0.6995,0.5524,6.8715,30.4879
stationary,0.5,93,0.7078,0.5579,1.0558,0.126
stationary,0.5,94,0.7367,0.5766,3.2027,10.4336
stationary,0.5,95,0.7284,0.5704,7.5488,4.3642
stationary,0.5,96,0.6993,0.5391,2.4412,0.0513
stationary,0.5,97,0.7574,0.5935,2.2642,6.9302
stationary,0.5,98,0.7517,0.591,0.9748,0.0
stationary,0.5,99,0.7409,0.5854,0.1201,0.0007
stationary,0.5,100,0.7325,0.5696,0.1643,0.0
stationary,0.5,101,0.7357,0.5791,1.0041,0.0
stationary,0.5,102,0.6624,0.5198,2.8405,4.945
stationary,0.5,103,0.7084,0.5524,6.0279,2.4396
stationary,0.5,104,0.7309,0.5703,6.2442,14.1736
stationary,0.5,105,0.7158,0.5622,9.9318,79.8638
stationary,0.5,106,0.7315,0.5659,0.1415,0.0013
stationary,0.5,107,0.7131,0.5533,1.0261,0.0
stationary,0.5,108,0.6633,0.5245,0.6076,0.0
stationary,0.5,109,0.7433,0.5859,0.2499,0.0
stationary,0.5,110,0.7337,0.5743,0.5227,0.0
stationary,0.5,111,0.715,0.5553,0.4795,0.0
stationary,0.5,112,0.7143,0.5563,0.2846,0.0
stationary,0.5,113,0.7299,0.5749,1.2567,0.0
stationary,0.5,114,0.7265,0.5666,0.0134,0.0
stationary,0.5,115,0.7138,0.5513,7.1132,34.1127
stationary,0.5,116,0.7302,0.567,1.6703,0.5861
stationary,0.5,117,0.7631,0.6052,0.8554,0.0
stationary,0.5,118,0.721,0.5656,0.0701,0.0002
stationary,0.5,119,0.7045,0.5448,1.5582,2.155
stationary,0.5,120,0.7555,0.5912,2.0597,0.0583
stationary,0.5,121,0.7283,0.5712,0.3399,0.0
stationary,0.5,122,0.7079,0.5517,2.2474,5.173
stationary,0.5,123,0.7093,0.5508,0.8674,0.0287
stationary,0.5,124,0.7599,0.5947,0.4057,0.0
stationary,0.5,125,0.694,0.5502,0.4107,0.0
stationary,0.5,126,0.7015,0.5463,1.6326,0.0
stationary,0.5,127,0.7006,0.5472,5.8997,22.5329
stationary,0.5,128,0.7018,0.5448,2.4311,0.2268
stationary,0.5,129,0.7546,0.5925,0.8885,0.0
stationary,0.5,130,0.7573,0.5914,0.207,0.0
stationary,0.5,131,0.6994,0.5477,4.8259,4.9403
stationary,0.5,132,0.7048,0.5458,1.1918,0.0
stationary,0.5,133,0.7235,0.5684,0.2677,0.0002
stationary,0.5,134,0.7261,0.5648,2.5843,1.4693
stationary,0.5,135,0.7621,0.6004,0.0973,0.0001
stationary,0.5,136,0.6988,0.5433,3.0255,0.1725
stationary,0.5,137,0.7149,0.5549,0.1674,0.0001
stationary,0.5,138,0.7448,0.5848,5.5243,6.9023
stationary,0.5,139,0.7001,0.5417,0.8215,0.0
stationary,0.5,140,0.7217,0.5632,2.5302,1.2444
stationary,0.5,141,0.7585,0.5988,12.5116,90.575
stationary,0.5,142,0.7247,0.5641,19.9568,56.6856
stationary,0.5,143,0.717,0.5588,2.334,1.7481
stationary,0.5,144,0.7177,0.5583,0.7578,0.0
stationary,0.5,145,0.7047,0.5541,0.3513,0.0
stationary,0.5,146,0.7395,0.5757,0.1759,0.0
stationary,0.5,147,0.7138,0.5502,8.6037,31.3147
stationary,0.5,148,0.7221,0.5714,0.2084,0.0
stationary,0.5,149,0.7206,0.5641,2.529,0.6672
stationary,0.5,150,0.7376,0.5769,0.9649,0.0268
stationary,0.5,151,0.7024,0.5464,0.566,0.1026
stationary,0.5,152,0.7048,0.5481,7.9739,8.9609
stationary,0.5,153,0.6933,0.5407,0.4144,0.0
stationary,0.5,154,0.7515,0.5921,0.0277,0.0001
stationary,0.5,155,0.7254,0.5683,1.3104,0.8498
stationary,0.5,156,0.7398,0.5759,0.2062,0.0
stationary,0.5,157,0.7277,0.5633,0.7055,0.001
stationary,0.5,158,0.7034,0.5513,3.0757,0.749
stationary,0.5,159,0.7555,0.5928,0.5919,0.0
stationary,0.5,160,0.7229,0.5713,0.9187,0.0
stationary,0.5,161,0.6839,0.5375,3.2104,4.0967
stationary,0.5,162,0.7217,0.56,2.1402,0.4013
stationary,0.5,163,0.738,0.5813,0.0941,0.0001
stationary,0.5,164,0.7317,0.5719,11.3621,108.1891
stationary,0.5,165,0.6995,0.547,0.3555,0.0
stationary,0.5,166,0.7279,0.5661,0.7002,0.0
stationary,0.5,167,0.7403,0.5757,8.4442,91.5274
stationary,0.5,168,0.7629,0.6019,0.7282,0.0
stationary,0.5,169,0.704,0.5493,1.1402,0.0
stationary,0.5,170,0.7227,0.5639,0.713,0.0
stationary,0.5,171,0.7083,0.5532,2.0458,1.6315
stationary,0.5,172,0.729,0.5704,0.3064,0.0
stationary,0.5,173,0.7006,0.5386,3.2963,2.0206
stationary,0.5,174,0.7171,0.5638,3.3148,0.0003
stationary,0.5,175,0.7329,0.5702,1.0455,0.0361
stationary,0.5,176,0.7528,0.5873,8.5787,0.2369
stationary,0.5,177,0.7227,0.5653,0.4152,0.0
stationary,0.5,178,0.7391,0.5748,2.2897,0.0419
stationary,0.5,179,0.7342,0.5722,1.5966,0.0
stationary,0.5,180,0.7213,0.5611,4.8177,11.903
stationary,0.5,181,0.7247,0.5633,3.4208,0.1571
stationary,0.5,182,0.6953,0.5354,5.6551,29.4255
stationary,0.5,183,0.68,0.5284,0.1964,0.0002
stationary,0.5,184,0.709,0.5524,0.4024,0.184
stationary,0.5,185,0.7204,0.5559,0.184,0.0
stationary,0.5,186,0.7394,0.5791,2.6751,0.0
stationary,0.5,187,0.7671,0.6041,4.7265,12.3949
stationary,0.5,188,0.7003,0.5392,3.3709,0.055
stationary,0.5,189,0.7101,0.5551,1.6604,0.0
stationary,0.5,190,0.7434,0.5822,0.6354,0.0
stationary,0.5,191,0.7148,0.5598,1.6855,0.0086
stationary,0.5,192,0.7056,0.5507,1.5364,0.0
stationary,0.5,193,0.7434,0.5891,2.0457,0.0
stationary,0.5,194,0.7152,0.5602,3.9286,2.6392
stationary,0.5,195,0.7361,0.5724,1.9522,0.6901
stationary,0.5,196,0.7557,0.5928,4.0576,15.327
stationary,0.5,197,0.6852,0.5361,6.7621,11.9866
stationary,0.5,198,0.7132,0.556,1.6809,0.0053
stationary,0.5,199,0.6972,0.5409,0.8544,0.0
stationary,0.5,200,0.7436,0.5804,5.1945,22.4716
stationary,0.5,201,0.6879,0.5386,0.2326,0.0
stationary,0.5,202,0.691,0.5406,13.0614,73.4633
stationary,0.5,203,0.7733,0.6047,0.3288,0.0066
stationary,0.5,204,0.7176,0.5655,0.6925,0.0
stationary,0.5,205,0.7308,0.575,0.3921,0.0
stationary,0.5,206,0.6978,0.5455,5.3087,0.0
stationary,0.5,207,0.7328,0.5768,0.272,0.0
stationary,0.5,208,0.6889,0.5318,2.5201,8.9672
stationary,0.5,209,0.7272,0.5646,0.2234,0.0
stationary,0.5,210,0.7002,0.5451,0.0476,0.0
stationary,0.5,211,0.7078,0.555,0.8024,0.0223
stationary,0.5,212,0.7187,0.5674,1.4602,0.0
stationary,0.5,213,0.7274,0.561,0.2161,0.0
stationary,0.5,214,0.7323,0.5798,4.1175,3.8675
stationary,0.5,215,0.7307,0.57,5.9201,0.6911
stationary,0.5,216,0.7029,0.5543,2.4989,3.6388
stationary,0.5,217,0.7057,0.5509,0.4699,0.0
stationary,0.5,218,0.7097,0.5524,0.6602,0.0015
stationary,0.5,219,0.7439,0.5836,2.3474,3.4845
stationary,0.5,220,0.7141,0.5506,0.447,0.0126
stationary,0.5,221,0.7328,0.5712,1.222,0.0
stationary,0.5,222,0.7134,0.5557,1.0051,0.1779
stationary,0.5,223,0.7039,0.5479,9.2777,29.8869
stationary,0.5,224,0.7463,0.5852,0.9265,0.012
stationary,0.5,225,0.7093,0.5604,3.9252,1.8184
stationary,0.5,226,0.7059,0.5492,3.7769,2.8302
stationary,0.5,227,0.7555,0.5982,2.8721,10.7957
stationary,0.5,228,0.6856,0.5373,0.3912,0.0
stationary,0.5,229,0.7251,0.56,0.5712,0.0
stationary,0.5,230,0.7607,0.5982,16.7786,108.391
stationary,0.5,231,0.7179,0.5601,1.3347,0.6905
stationary,0.5,232,0.7415,0.5724,6.6762,27.1812
stationary,0.5,233,0.6924,0.541,12.9862,52.9019
stationary,0.5,234,0.7346,0.5792,0.124,0.0
stationary,0.5,235,0.6738,0.5331,5.5497,2.9933
stationary,0.5,236,0.754,0.5903,1.0108,0.0169
stationary,0.5,237,0.7124,0.5524,2.02,3.9051
stationary,0.5,238,0.7381,0.5745,4.6067,7.1019
stationary,0.5,239,0.7264,0.5714,0.3962,0.0
stationary,0.5,240,0.7567,0.5917,2.4164,1.0593
stationary,0.5,241,0.7228,0.5683,0.4823,0.0
nonstationary,0.0,42,0.5047,0.3614,0.033,0.0
nonstationary,0.0,43,0.5349,0.3872,0.0483,0.0
nonstationary,0.0,44,0.5005,0.3595,0.3315,0.0833
nonstationary,0.0,45,0.5351,0.3809,0.0187,0.0
nonstationary,0.0,46,0.5008,0.3603,0.0826,0.0022
nonstationary,0.0,47,0.455,0.3266,0.0217,0.0
nonstationary,0.0,48,0.5205,0.3738,0.214,0.0084
nonstationary,0.0,49,0.5022,0.3571,0.0683,0.0026
nonstationary,0.0,50,0.5189,0.372,0.2407,0.0002
nonstationary,0.0,51,0.5292,0.3733,0.107,0.0016
nonstationary,0.0,52,0.5017,0.3546,0.0329,0.0
nonstationary,0.0,53,0.5069,0.3641,0.1629,0.0028
nonstationary,0.0,54,0.4697,0.3419,0.1181,0.0049
nonstationary,0.0,55,0.4433,0.3245,0.2197,0.0129
nonstationary,0.0,56,0.4879,0.3563,0.2698,0.0228
nonstationary,0.0,57,0.5116,0.3675,0.3397,0.0314
nonstationary,0.0,58,0.4686,0.3372,0.137,0.0065
nonstationary,0.0,59,0.4643,0.3379,0.2484,0.0208
nonstationary,0.0,60,0.4653,0.3354,0.1137,0.0045
nonstationary,0.0,61,0.4895,0.3542,0.0106,0.0
nonstationary,0.0,62,0.4342,0.3144,0.203,0.0029
nonstationary,0.0,63,0.4322,0.3164,0.2433,0.0582
nonstationary,0.0,64,0.4792,0.3442,0.0268,0.0003
nonstationary,0.0,65,0.4511,0.3266,0.0402,0.0
nonstationary,0.0,66,0.5491,0.3943,0.183,0.0031
nonstationary,0.0,67,0.5088,0.3608,0.0381,0.0003
nonstationary,0.0,68,0.4563,0.3332,0.0354,0.0
nonstationary,0.0,69,0.4952,0.3631,0.0789,0.0
nonstationary,0.0,70,0.4911,0.3546,0.3461,0.008
nonstationary,0.0,71,0.4804,0.3391,0.0912,0.0002
nonstationary,0.0,72,0.5428,0.3937,0.2602,0.0267
nonstationary,0.0,73,0.484,0.3484,0.0768,0.0
nonstationary,0.0,74,0.5379,0.3832,0.2358,0.0147
nonstationary,0.0,75,0.4815,0.3447,0.0892,0.0117
nonstationary,0.0,76,0.5,0.3591,0.1377,0.016
nonstationary,0.0,77,0.5084,0.3687,0.1547,0.0132
nonstationary,0.0,78,0.5318,0.384,0.2037,0.0679
nonstationary,0.0,79,0.4802,0.3379,0.0844,0.0016
nonstationary,0.0,80,0.5089,0.3671,0.3451,0.0044
nonstationary,0.0,81,0.5244,0.3792,0.0849,0.0
nonstationary,0.0,82,0.4812,0.3518,0.129,0.0048
nonstationary,0.0,83,0.5009,0.3597,0.2728,0.005
nonstationary,0.0,84,0.4384,0.3222,0.1779,0.0314
nonstationary,0.0,85,0.4863,0.355,0.0989,0.0013
nonstationary,0.0,86,0.457,0.3287,0.2455,0.0455
nonstationary,0.0,87,0.5529,0.3972,0.2632,0.0007
nonstationary,0.0,88,0.4874,0.3532,0.0945,0.0017
nonstationary,0.0,89,0.5177,0.371,0.0753,0.0001
nonstationary,0.0,90,0.4921,0.3576,0.1793,0.0319
nonstationary,0.0,91,0.5524,0.397,0.0694,0.0
nonstationary,0.0,92,0.4028,0.3001,0.1019,0.0012
nonstationary,0.0,93,0.4475,0.3211,0.064,0.0003
nonstationary,0.0,94,0.4447,0.3168,0.0051,0.0
nonstationary,0.0,95,0.5312,0.3831,0.0583,0.0015
nonstationary,0.0,96,0.4578,0.3318,0.067,0.0
nonstationary,0.0,97,0.5624,0.4092,0.15,0.0095
nonstationary,0.0,98,0.4499,0.3229,0.1441,0.0011
nonstationary,0.0,99,0.5293,0.3788,0.0528,0.0
nonstationary,0.0,100,0.4952,0.3587,0.0773,0.0017
nonstationary,0.0,101,0.4711,0.3419,0.0606,0.0
nonstationary,0.0,102,0.4559,0.3307,0.0252,0.0004
nonstationary,0.0,103,0.4504,0.3231,0.4768,0.0635
nonstationary,0.0,104,0.5231,0.3721,0.0276,0.0001
nonstationary,0.0,105,0.4779,0.3492,0.0126,0.0
nonstationary,0.0,106,0.5184,0.3725,0.0311,0.0
nonstationary,0.0,107,0.5165,0.3738,0.061,0.0034
nonstationary,0.0,108,0.4384,0.3267,0.0536,0.0006
nonstationary,0.0,109,0.4785,0.3415,0.2868,0.0484
nonstationary,0.0,110,0.5326,0.3842,0.0771,0.0
nonstationary,0.0,111,0.5796,0.4149,0.018,0.0
nonstationary,0.0,112,0.5046,0.3624,0.0489,0.0
nonstationary,0.0,113,0.4704,0.3364,0.0836,0.0005
nonstationary,0.0,114,0.4584,0.3285,0.1378,0.004
nonstationary,0.0,115,0.4787,0.3497,0.0713,0.0001
nonstationary,0.0,116,0.4895,0.3529,0.0421,0.0
nonstationary,0.0,117,0.53,0.3796,0.1005,0.0026
nonstationary,0.0,118,0.5008,0.3567,0.0868,0.0014
nonstationary,0.0,119,0.4889,0.3543,0.0127,0.0002
nonstationary,0.0,120,0.5052,0.364,0.0438,0.0005
nonstationary,0.0,121,0.5365,0.3865,0.1131,0.0008
nonstationary,0.0,122,0.5022,0.3649,0.0799,0.0021
nonstationary,0.0,123,0.4728,0.3369,0.3241,0.098
nonstationary,0.0,124,0.5057,0.3621,0.1159,0.0014
nonstationary,0.0,125,0.4388,0.321,0.0735,0.0006
nonstationary,0.0,126,0.4756,0.3437,0.3434,0.011
nonstationary,0.0,127,0.4302,0.3101,0.0796,0.0007
nonstationary,0.0,128,0.4737,0.3406,0.0968,0.0
nonstationary,0.0,129,0.4782,0.3409,0.1088,0.0001
nonstationary,0.0,130,0.5317,0.3852,0.2236,0.02
nonstationary,0.0,131,0.4903,0.3496,0.0619,0.0001
nonstationary,0.0,132,0.4789,0.3445,0.0612,0.0004
nonstationary,0.0,133,0.451,0.3241,0.0384,0.0
nonstationary,0.0,134,0.526,0.3781,0.343,0.0851
nonstationary,0.0,135,0.5543,0.3982,0.1461,0.0089
nonstationary,0.0,136,0.5031,0.3658,0.1846,0.0003
nonstationary,0.0,137,0.4767,0.3419,0.1562,0.0277
nonstationary,0.0,138,0.4423,0.323,0.1804,0.0022
nonstationary,0.0,139,0.4878,0.3541,0.0523,0.0018
nonstationary,0.0,140,0.4843,0.3549,0.0187,0.0
nonstationary,0.0,141,0.4758,0.3409,0.205,0.0011
nonstationary,0.0,142,0.4739,0.3413,0.0122,0.0002
nonstationary,0.0,143,0.5226,0.3771,0.1457,0.0137
nonstationary,0.0,144,0.5068,0.3638,0.5656,0.1107
nonstationary,0.0,145,0.4691,0.3443,0.141,0.0001
nonstationary,0.0,146,0.5152,0.3689,0.0498,0.0
nonstationary,0.0,147,0.477,0.3425,0.0428,0.0
nonstationary,0.0,148,0.4839,0.3476,0.1574,0.0004
nonstationary,0.0,149,0.4795,0.3466,0.1218,0.0074
nonstationary,0.0,150,0.5814,0.4219,0.033,0.0
nonstationary,0.0,151,0.3986,0.2932,0.1502,0.0113
nonstationary,0.0,152,0.5272,0.3837,0.0742,0.0004
nonstationary,0.0,153,0.4297,0.3072,0.0707,0.0
nonstationary,0.0,154,0.5405,0.3903,0.2233,0.019
nonstationary,0.0,155,0.5243,0.3798,0.0457,0.0
nonstationary,0.0,156,0.514,0.3686,0.099,0.0
nonstationary,0.0,157,0.5124,0.3642,0.2894,0.0107
nonstationary,0.0,158,0.4416,0.3229,0.0489,0.0015
nonstationary,0.0,159,0.5049,0.3656,0.0529,0.0005
nonstationary,0.0,160,0.4597,0.3339,0.0775,0.0055
nonstationary,0.0,161,0.4309,0.3189,0.1744,0.0015
nonstationary,0.0,162,0.5339,0.382,0.0274,0.0
nonstationary,0.0,163,0.5238,0.3758,0.0534,0.0
nonstationary,0.0,164,0.4357,0.3183,0.1705,0.0223
nonstationary,0.0,165,0.5062,0.3647,0.2365,0.0099
nonstationary,0.0,166,0.4946,0.36,0.1283,0.0005
nonstationary,0.0,167,0.4981,0.3614,0.0989,0.004
nonstationary,0.0,168,0.517,0.3709,0.111,0.0001
nonstationary,0.0,169,0.4619,0.3348,0.2133,0.0203
nonstationary,0.0,170,0.4871,0.351,0.0768,0.001
nonstationary,0.0,171,0.5028,0.3576,0.2628,0.0694
nonstationary,0.0,172,0.5294,0.3803,0.1045,0.0014
nonstationary,0.0,173,0.5348,0.3829,0.2076,0.0059
nonstationary,0.0,174,0.5058,0.3636,0.0775,0.003
nonstationary,0.0,175,0.4881,0.3531,0.1867,0.0025
nonstationary,0.0,176,0.5186,0.3685,0.0246,0.0
nonstationary,0.0,177,0.4785,0.3501,0.0992,0.0008
nonstationary,0.0,178,0.5471,0.3918,0.1564,0.0071
nonstationary,0.0,179,0.5,0.3566,0.248,0.014
nonstationary,0.0,180,0.4874,0.3493,0.0748,0.0013
nonstationary,0.0,181,0.4819,0.3523,0.0652,0.0
nonstationary,0.0,182,0.4549,0.3259,0.0757,0.0
nonstationary,0.0,183,0.472,0.3408,0.2455,0.0013
nonstationary,0.0,184,0.5479,0.3949,0.0449,0.0013
nonstationary,0.0,185,0.449,0.3249,0.0915,0.0021
nonstationary,0.0,186,0.5211,0.3742,0.1319,0.0058
nonstationary,0.0,187,0.4529,0.3263,0.136,0.0039
nonstationary,0.0,188,0.5052,0.367,0.081,0.0
nonstationary,0.0,189,0.5768,0.4202,0.1957,0.0047
nonstationary,0.0,190,0.4938,0.3574,0.1845,0.007
nonstationary,0.0,191,0.4595,0.3276,0.0582,0.0
nonstationary,0.0,192,0.5086,0.3627,0.0914,0.0022
nonstationary,0.0,193,0.5246,0.3751,0.1954,0.0077
nonstationary,0.0,194,0.4887,0.3491,0.2542,0.0647
nonstationary,0.0,195,0.5404,0.3882,0.0061,0.0
nonstationary,0.0,196,0.5113,0.3665,0.0986,0.0049
nonstationary,0.0,197,0.525,0.3786,0.0596,0.0007
nonstationary,0.0,198,0.5094,0.3716,0.2993,0.003
nonstationary,0.0,199,0.473,0.3415,0.2663,0.0419
nonstationary,0.0,200,0.5312,0.3808,0.0159,0.0
nonstationary,0.0,201,0.4653,0.3446,0.2133,0.0279
nonstationary,0.0,202,0.4534,0.3281,0.0294,0.0
nonstationary,0.0,203,0.4876,0.3496,0.0739,0.0017
nonstationary,0.0,204,0.45,0.3249,0.2388,0.0715
nonstationary,0.0,205,0.459,0.3314,0.043,0.0
nonstationary,0.0,206,0.4894,0.3533,0.0178,0.0
nonstationary,0.0,207,0.5161,0.3703,0.111,0.001
nonstationary,0.0,208,0.4945,0.3599,0.5748,0.4298
nonstationary,0.0,209,0.5095,0.3684,0.2129,0.0084
nonstationary,0.0,210,0.5131,0.3706,0.3092,0.0296
nonstationary,0.0,211,0.425,0.3077,0.0179,0.0
nonstationary,0.0,212,0.4879,0.3512,0.0508,0.0
nonstationary,0.0,213,0.4988,0.3543,0.1173,0.001
nonstationary,0.0,214,0.4579,0.3319,0.0231,0.0
nonstationary,0.0,215,0.5411,0.3881,0.1784,0.0259
nonstationary,0.0,216,0.5,0.3636,0.0286,0.0
nonstationary,0.0,217,0.4327,0.3145,0.0428,0.0003
nonstationary,0.0,218,0.501,0.3633,0.0088,0.0
nonstationary,0.0,219,0.4843,0.3498,0.1982,0.0024
nonstationary,0.0,220,0.4818,0.3444,0.1505,0.0015
nonstationary,0.0,221,0.5333,0.3839,0.4574,0.0723
nonstationary,0.0,222,0.5152,0.3661,0.1301,0.0
nonstationary,0.0,223,0.468,0.3327,0.2235,0.0428
nonstationary,0.0,224,0.5059,0.3624,0.1276,0.0001
nonstationary,0.0,225,0.4795,0.3536,0.2022,0.0241
nonstationary,0.0,226,0.504,0.3697,0.1222,0.0014
nonstationary,0.0,227,0.4206,0.3065,0.0919,0.0
nonstationary,0.0,228,0.5316,0.3831,0.1365,0.0046
nonstationary,0.0,229,0.5679,0.4058,0.238,0.0077
nonstationary,0.0,230,0.5471,0.3904,0.1046,0.0022
nonstationary,0.0,231,0.4608,0.3348,0.2689,0.0038
nonstationary,0.0,232,0.4842,0.3525,0.1127,0.0004
nonstationary,0.0,233,0.4821,0.356,0.0656,0.0
nonstationary,0.0,234,0.5261,0.3754,0.0205,0.0
nonstationary,0.0,235,0.3996,0.2955,0.0568,0.0004
nonstationary,0.0,236,0.4968,0.359,0.1147,0.0084
nonstationary,0.0,237,0.4612,0.3351,0.4733,0.2568
nonstationary,0.0,238,0.4551,0.3284,0.2205,0.015
nonstationary,0.0,239,0.4946,0.3663,0.1666,0.0019
nonstationary,0.0,240,0.5491,0.3958,0.0346,0.0
nonstationary,0.0,241,0.4634,0.3381,0.0118,0.0
nonstationary,0.1,42,0.4141,0.3088,0.2966,0.0
nonstationary,0.1,43,0.4293,0.3216,0.0404,0.0
nonstationary,0.1,44,0.3944,0.2921,0.0654,0.0
nonstationary,0.1,45,0.4181,0.3134,0.0181,0.0
nonstationary,0.1,46,0.4496,0.3373,0.1511,0.01
nonstationary,0.1,47,0.3762,0.2838,0.0372,0.0001
nonstationary,0.1,48,0.4408,0.3319,0.0193,0.0008
nonstationary,0.1,49,0.4257,0.3154,0.0604,0.0
nonstationary,0.1,50,0.4458,0.3327,9.9819,52.9711
nonstationary,0.1,51,0.4651,0.3467,0.1083,0.0007
nonstationary,0.1,52,0.3892,0.2931,0.0652,0.0001
nonstationary,0.1,53,0.3813,0.282,0.3638,0.035
nonstationary,0.1,54,0.3958,0.2936,0.2927,0.0059
nonstationary,0.1,55,0.3868,0.2927,0.5596,0.3177
nonstationary,0.1,56,0.4829,0.3694,0.0247,0.0
nonstationary,0.1,57,0.457,0.344,3.4787,4.8684
nonstationary,0.1,58,0.4694,0.3583,0.1448,0.0
nonstationary,0.1,59,0.4319,0.3297,0.0243,0.0
nonstationary,0.1,60,0.422,0.3222,0.0691,0.0024
nonstationary,0.1,61,0.3966,0.2989,0.1512,0.0395
nonstationary,0.1,62,0.4001,0.2992,8.1252,92.1968
nonstationary,0.1,63,0.35,0.2625,0.3553,0.0
nonstationary,0.1,64,0.3865,0.2923,0.0419,0.0
nonstationary,0.1,65,0.3713,0.2759,1.2008,1.835
nonstationary,0.1,66,0.4585,0.3428,0.0368,0.0
nonstationary,0.1,67,0.4332,0.3258,2.6718,0.8987
nonstationary,0.1,68,0.393,0.2957,11.0121,21.369
nonstationary,0.1,69,0.4071,0.3096,21.7456,101.6428
nonstationary,0.1,70,0.4442,0.3353,0.029,0.0
nonstationary,0.1,71,0.4311,0.3224,4.4852,8.2168
nonstationary,0.1,72,0.4048,0.3029,0.0312,0.0
nonstationary,0.1,73,0.4116,0.3052,0.0846,0.0002
nonstationary,0.1,74,0.4082,0.3053,0.0822,0.01
nonstationary,0.1,75,0.4054,0.3055,0.0465,0.004
nonstationary,0.1,76,0.4382,0.3342,2.0101,0.9198
nonstationary,0.1,77,0.4067,0.3112,0.3445,0.0123
nonstationary,0.1,78,0.4369,0.3264,0.0998,0.0024
nonstationary,0.1,79,0.4592,0.3446,1.9859,0.0012
nonstationary,0.1,80,0.4113,0.3109,0.1235,0.0
nonstationary,0.1,81,0.4417,0.3344,0.0984,0.0034
nonstationary,0.1,82,0.4011,0.3055,0.0904,0.0004
nonstationary,0.1,83,0.387,0.2893,0.1531,0.0
nonstationary,0.1,84,0.3864,0.2975,0.12,0.0
nonstationary,0.1,85,0.4088,0.308,2.4756,3.8413
nonstationary,0.1,86,0.3596,0.2672,0.2246,0.0354
nonstationary,0.1,87,0.4361,0.3252,0.1667,0.0002
nonstationary,0.1,88,0.4151,0.307,1.3229,0.0673
nonstationary,0.1,89,0.4036,0.3047,31.0852,1231.4013
nonstationary,0.1,90,0.3876,0.2876,0.1131,0.0033
nonstationary,0.1,91,0.3907,0.2925,0.007,0.0
nonstationary,0.1,92,0.3129,0.2387,0.6171,0.2686
nonstationary,0.1,93,0.3615,0.2739,0.0285,0.0002
nonstationary,0.1,94,0.3953,0.2958,5.9497,21.8243
nonstationary,0.1,95,0.4431,0.3385,0.0329,0.0
nonstationary,0.1,96,0.3808,0.2843,11.468,58.6608
nonstationary,0.1,97,0.4006,0.2983,0.2266,0.0026
nonstationary,0.1,98,0.412,0.3097,0.4023,0.0
nonstationary,0.1,99,0.4418,0.3353,0.0475,0.0001
nonstationary,0.1,100,0.421,0.3161,0.0071,0.0001
nonstationary,0.1,101,0.4552,0.3486,0.0283,0.0
nonstationary,0.1,102,0.4224,0.3226,0.0508,0.0022
nonstationary,0.1,103,0.4291,0.3204,0.0994,0.0005
nonstationary,0.1,104,0.4381,0.3311,0.0628,0.0
nonstationary,0.1,105,0.466,0.3543,6.4392,29.2599
nonstationary,0.1,106,0.3503,0.2663,1.7899,3.5309
nonstationary,0.1,107,0.4088,0.3055,0.1221,0.0056
nonstationary,0.1,108,0.3396,0.2652,0.2135,0.0
nonstationary,0.1,109,0.3951,0.296,0.0107,0.0
nonstationary,0.1,110,0.3829,0.2894,0.0431,0.0001
nonstationary,0.1,111,0.4197,0.3134,0.1455,0.0062
nonstationary,0.1,112,0.4165,0.3112,0.1362,0.0
nonstationary,0.1,113,0.3957,0.2949,0.1202,0.0005
nonstationary,0.1,114,0.3446,0.2595,2.7,10.4672
nonstationary,0.1,115,0.4026,0.3044,3.3278,2.0452
nonstationary,0.1,116,0.4547,0.3422,0.0302,0.0008
nonstationary,0.1,117,0.404,0.3059,0.1408,0.0
nonstationary,0.1,118,0.4324,0.3227,0.0019,0.0003
nonstationary,0.1,119,0.3692,0.2807,0.2568,0.0131
nonstationary,0.1,120,0.4229,0.3176,0.0319,0.0
nonstationary,0.1,121,0.4502,0.3392,0.0198,0.0005
nonstationary,0.1,122,0.397,0.2972,0.0802,0.0018
nonstationary,0.1,123,0.4,0.3023,0.0179,0.0002
nonstationary,0.1,124,0.4491,0.3375,0.0345,0.0
nonstationary,0.1,125,0.3777,0.2855,0.0478,0.0021
nonstationary,0.1,126,0.4747,0.3618,0.023,0.0008
nonstationary,0.1,127,0.4128,0.3111,0.0549,0.0
nonstationary,0.1,128,0.312,0.2327,0.2601,0.0
nonstationary,0.1,129,0.3747,0.2819,0.061,0.0
nonstationary,0.1,130,0.4294,0.3217,0.1671,0.0
nonstationary,0.1,131,0.3796,0.2835,0.5794,0.0
nonstationary,0.1,132,0.4085,0.3102,0.5834,0.0
nonstationary,0.1,133,0.3717,0.2779,0.1572,0.0012
nonstationary,0.1,134,0.3735,0.2781,0.1191,0.0001
nonstationary,0.1,135,0.4318,0.3244,0.3453,0.0328
nonstationary,0.1,136,0.3841,0.2866,0.31,0.0707
nonstationary,0.1,137,0.4015,0.3029,0.122,0.004
nonstationary,0.1,138,0.3571,0.2712,0.1338,0.0
nonstationary,0.1,139,0.3751,0.281,0.0191,0.0
nonstationary,0.1,140,0.3601,0.275,0.1107,0.0032
nonstationary,0.1,141,0.4372,0.3341,0.0073,0.0002
nonstationary,0.1,142,0.4476,0.3375,1.034,0.1713
nonstationary,0.1,143,0.3758,0.279,0.1013,0.0022
nonstationary,0.1,144,0.4515,0.3361,0.0341,0.0004
nonstationary,0.1,145,0.4082,0.319,0.7804,0.0
nonstationary,0.1,146,0.4076,0.3022,0.2496,0.0066
nonstationary,0.1,147,0.3957,0.2954,6.1932,14.7322
nonstationary,0.1,148,0.4419,0.3323,0.9904,0.0602
nonstationary,0.1,149,0.4172,0.3117,9.5178,47.8645
nonstationary,0.1,150,0.4197,0.3134,0.279,0.0165
nonstationary,0.1,151,0.3614,0.2737,0.0298,0.0
nonstationary,0.1,152,0.3643,0.27,0.0842,0.002
nonstationary,0.1,153,0.4292,0.3232,0.0716,0.0
nonstationary,0.1,154,0.4351,0.3263,0.0702,0.0028
nonstationary,0.1,155,0.4566,0.344,0.0393,0.0001
nonstationary,0.1,156,0.4314,0.3231,0.2085,0.0141
nonstationary,0.1,157,0.4245,0.3169,0.1309,0.0025
nonstationary,0.1,158,0.3997,0.3071,0.014,0.0
nonstationary,0.1,159,0.4092,0.3046,0.0105,0.0002
nonstationary,0.1,160,0.3351,0.2526,0.0286,0.0
nonstationary,0.1,161,0.3792,0.2896,0.0058,0.0001
nonstationary,0.1,162,0.4607,0.3434,0.1348,0.0041
nonstationary,0.1,163,0.3942,0.2925,0.5161,0.0
nonstationary,0.1,164,0.3849,0.2888,3.1183,2.7675
nonstationary,0.1,165,0.3987,0.3005,0.2016,0.0246
nonstationary,0.1,166,0.3583,0.2684,0.5786,0.0
nonstationary,0.1,167,0.3929,0.2935,0.4911,0.0
nonstationary,0.1,168,0.4007,0.3053,0.0409,0.0009
nonstationary,0.1,169,0.3824,0.2867,0.1511,0.0002
nonstationary,0.1,170,0.3663,0.2776,0.1211,0.0012
nonstationary,0.1,171,0.4385,0.3236,1.004,0.0
nonstationary,0.1,172,0.41,0.3091,0.0945,0.0005
nonstationary,0.1,173,0.4315,0.3204,0.0151,0.0
nonstationary,0.1,174,0.4757,0.3546,0.1008,0.0002
nonstationary,0.1,175,0.4121,0.3148,0.0225,0.0002
nonstationary,0.1,176,0.3889,0.2884,0.1838,0.005
nonstationary,0.1,177,0.3999,0.2976,0.1044,0.0027
nonstationary,0.1,178,0.4229,0.3187,0.5824,0.0
nonstationary,0.1,179,0.4858,0.3673,0.1294,0.0
nonstationary,0.1,180,0.3886,0.2934,0.1666,0.0001
nonstationary,0.1,181,0.3802,0.2886,0.0293,0.0001
nonstationary,0.1,182,0.3773,0.2817,1.137,0.0062
nonstationary,0.1,183,0.46,0.3502,0.1945,0.0008
nonstationary,0.1,184,0.4091,0.3082,0.002,0.0003
nonstationary,0.1,185,0.3142,0.2301,0.0693,0.0013
nonstationary,0.1,186,0.4512,0.3393,0.1542,0.0002
nonstationary,0.1,187,0.4588,0.344,0.0359,0.0001
nonstationary,0.1,188,0.423,0.3187,0.0541,0.0004
nonstationary,0.1,189,0.4364,0.3247,0.1095,0.0057
nonstationary,0.1,190,0.3914,0.2932,0.0565,0.0001
nonstationary,0.1,191,0.4061,0.3056,3.2519,1.2797
nonstationary,0.1,192,0.3887,0.289,0.1982,0.0
nonstationary,0.1,193,0.464,0.347,6.186,8.9374
nonstationary,0.1,194,0.4263,0.3233,5.1479,15.2236
nonstationary,0.1,195,0.4651,0.3508,0.757,0.2694
nonstationary,0.1,196,0.3842,0.2883,0.0359,0.0
nonstationary,0.1,197,0.3585,0.2657,0.7567,0.0013
nonstationary,0.1,198,0.4011,0.3027,0.0772,0.0
nonstationary,0.1,199,0.3956,0.3,0.8321,0.012
nonstationary,0.1,200,0.4306,0.3225,0.22,0.0118
nonstationary,0.1,201,0.3309,0.2518,0.1109,0.0056
nonstationary,0.1,202,0.3653,0.2811,0.0047,0.0
nonstationary,0.1,203,0.4316,0.3236,0.0069,0.0
nonstationary,0.1,204,0.4216,0.3144,5.9152,19.3765
nonstationary,0.1,205,0.3906,0.2925,0.2048,0.0037
nonstationary,0.1,206,0.4052,0.3053,0.4744,0.0
nonstationary,0.1,207,0.4069,0.3034,0.0319,0.0004
nonstationary,0.1,208,0.4392,0.3328,0.144,0.0049
nonstationary,0.1,209,0.4634,0.3483,11.5042,72.8791
nonstationary,0.1,210,0.4142,0.3118,0.0462,0.0001
nonstationary,0.1,211,0.3739,0.2812,7.4927,78.5899
nonstationary,0.1,212,0.3923,0.2979,0.0778,0.0
nonstationary,0.1,213,0.4353,0.322,0.0929,0.0
nonstationary,0.1,214,0.3489,0.2654,0.0061,0.0
nonstationary,0.1,215,0.4945,0.3707,0.0581,0.0001
nonstationary,0.1,216,0.3988,0.3009,0.0513,0.0
nonstationary,0.1,217,0.4056,0.3058,0.1064,0.0
nonstationary,0.1,218,0.3901,0.2896,0.2321,0.0002
nonstationary,0.1,219,0.3908,0.2941,5.7757,29.5686
nonstationary,0.1,220,0.446,0.3359,0.4972,0.0105
nonstationary,0.1,221,0.4298,0.3198,0.0247,0.0002
nonstationary,0.1,222,0.4166,0.312,1.1801,0.9576
nonstationary,0.1,223,0.4355,0.3237,0.1285,0.0
nonstationary,0.1,224,0.4376,0.3253,0.0949,0.0
nonstationary,0.1,225,0.3688,0.2824,0.1003,0.0061
nonstationary,0.1,226,0.4136,0.3139,0.2237,0.0052
nonstationary,0.1,227,0.3914,0.2941,0.1622,0.0073
nonstationary,0.1,228,0.4557,0.3425,0.2298,0.0085
nonstationary,0.1,229,0.3971,0.2997,0.0916,0.0
nonstationary,0.1,230,0.5211,0.3939,0.9997,0.1848
nonstationary,0.1,231,0.4028,0.3112,0.0602,0.0
nonstationary,0.1,232,0.4482,0.3387,0.1769,0.0
nonstationary,0.1,233,0.4112,0.3132,0.1627,0.0182
nonstationary,0.1,234,0.4642,0.3477,0.1304,0.0062
nonstationary,0.1,235,0.3544,0.2759,0.3849,0.1862
nonstationary,0.1,236,0.4095,0.3063,0.0067,0.0001
nonstationary,0.1,237,0.3772,0.2783,0.8939,0.0077
nonstationary,0.1,238,0.4022,0.3107,0.0707,0.0
nonstationary,0.1,239,0.3836,0.291,0.0979,0.0059
nonstationary,0.1,240,0.461,0.3491,0.2743,0.0
nonstationary,0.1,241,0.3641,0.2758,0.039,0.0011
nonstationary,0.3,42,0.6571,0.5042,0.3502,0.0
nonstationary,0.3,43,0.6238,0.4766,0.9859,0.0016
nonstationary,0.3,44,0.6639,0.5141,0.548,0.0
nonstationary,0.3,45,0.6414,0.4863,1.122,0.5542
nonstationary,0.3,46,0.6613,0.5128,0.4125,0.0
nonstationary,0.3,47,0.5891,0.4495,0.8357,0.0001
nonstationary,0.3,48,0.6398,0.4904,0.0593,0.0003
nonstationary,0.3,49,0.6518,0.5021,0.0473,0.0
nonstationary,0.3,50,0.6547,0.5057,4.3698,5.4349
nonstationary,0.3,51,0.6412,0.4926,0.3502,0.0
nonstationary,0.3,52,0.6365,0.4828,2.0263,0.0
nonstationary,0.3,53,0.6451,0.4966,5.7146,11.2149
nonstationary,0.3,54,0.6341,0.4886,0.4389,0.0
nonstationary,0.3,55,0.569,0.4327,0.373,0.1721
nonstationary,0.3,56,0.5754,0.4371,0.2612,0.0
nonstationary,0.3,57,0.6456,0.4964,2.3212,1.5586
nonstationary,0.3,58,0.5876,0.4511,0.505,0.0
nonstationary,0.3,59,0.6022,0.4657,0.1336,0.0068
nonstationary,0.3,60,0.6341,0.4866,0.8591,0.0
nonstationary,0.3,61,0.6363,0.4861,6.7157,28.1513
nonstationary,0.3,62,0.6259,0.4773,2.8177,1.8539
nonstationary,0.3,63,0.5285,0.3973,0.2173,0.0
nonstationary,0.3,64,0.6356,0.4812,1.1914,0.0
nonstationary,0.3,65,0.6136,0.465,1.7295,1.2149
nonstationary,0.3,66,0.65,0.4942,0.4551,0.0
nonstationary,0.3,67,0.6359,0.4854,3.0062,8.1535
nonstationary,0.3,68,0.6149,0.4708,0.2138,0.0
nonstationary,0.3,69,0.5925,0.458,0.4575,0.0021
nonstationary,0.3,70,0.6491,0.4923,0.0163,0.0002
nonstationary,0.3,71,0.6567,0.4962,15.4876,30.6739
nonstationary,0.3,72,0.6227,0.4816,0.0111,0.0001
nonstationary,0.3,73,0.6196,0.4757,0.384,0.0
nonstationary,0.3,74,0.6605,0.5112,1.2665,0.0317
nonstationary,0.3,75,0.6213,0.4753,1.5174,0.0768
nonstationary,0.3,76,0.6027,0.4627,1.782,0.3984
nonstationary,0.3,77,0.5717,0.4394,1.0145,0.0
nonstationary,0.3,78,0.5991,0.4545,1.2017,0.4453
nonstationary,0.3,79,0.6224,0.474,0.1109,0.0
nonstationary,0.3,80,0.5919,0.4523,0.1544,0.0
nonstationary,0.3,81,0.6778,0.5289,0.508,0.0
nonstationary,0.3,82,0.6036,0.4609,0.072,0.0
nonstationary,0.3,83,0.6121,0.4615,2.1342,1.7106
nonstationary,0.3,84,0.5781,0.4448,2.0866,0.0129
nonstationary,0.3,85,0.6063,0.4651,2.1502,0.0152
nonstationary,0.3,86,0.5717,0.4309,3.3993,4.767
nonstationary,0.3,87,0.7149,0.5547,0.0441,0.0003
nonstationary,0.3,88,0.6408,0.4893,0.2591,0.0
nonstationary,0.3,89,0.6362,0.4889,16.0375,98.5915
nonstationary,0.3,90,0.6233,0.4763,0.0427,0.0
nonstationary,0.3,91,0.6681,0.5143,5.7179,25.7857
nonstationary,0.3,92,0.5517,0.4259,1.2996,0.0
nonstationary,0.3,93,0.5967,0.4562,1.2107,0.1759
nonstationary,0.3,94,0.6006,0.4591,5.735,2.6512
nonstationary,0.3,95,0.6009,0.4572,2.8718,1.9792
nonstationary,0.3,96,0.6243,0.4698,4.6646,30.6449
nonstationary,0.3,97,0.5957,0.4532,6.4868,15.858
nonstationary,0.3,98,0.612,0.4734,2.2579,0.0069
nonstationary,0.3,99,0.6061,0.4588,0.0314,0.0004
nonstationary,0.3,100,0.6032,0.4549,0.5428,0.0
nonstationary,0.3,101,0.6351,0.4876,0.1518,0.0002
nonstationary,0.3,102,0.5803,0.443,7.1702,67.4187
nonstationary,0.3,103,0.6294,0.486,1.8742,4.7575
nonstationary,0.3,104,0.6127,0.4661,1.1911,1.1707
nonstationary,0.3,105,0.6344,0.4849,5.3314,7.8502
nonstationary,0.3,106,0.5953,0.4538,3.226,9.1153
nonstationary,0.3,107,0.5902,0.456,0.0512,0.0002
nonstationary,0.3,108,0.5741,0.4462,4.0642,0.0
nonstationary,0.3,109,0.6507,0.5014,0.449,0.0
nonstationary,0.3,110,0.619,0.473,0.3563,0.0
nonstationary,0.3,111,0.6462,0.4946,1.1158,0.0
nonstationary,0.3,112,0.6283,0.4773,0.3508,0.0
nonstationary,0.3,113,0.644,0.4968,0.0403,0.0001
nonstationary,0.3,114,0.6372,0.4831,3.0084,3.7315
nonstationary,0.3,115,0.6281,0.4876,4.9039,29.8237
nonstationary,0.3,116,0.6983,0.5398,3.7211,2.4072
nonstationary,0.3,117,0.6476,0.5015,0.0958,0.0
nonstationary,0.3,118,0.6443,0.495,3.4959,3.8336
nonstationary,0.3,119,0.6149,0.4748,0.0213,0.0
nonstationary,0.3,120,0.6662,0.515,1.2077,0.0
nonstationary,0.3,121,0.6703,0.5165,0.041,0.0003
nonstationary,0.3,122,0.6439,0.4989,0.0233,0.0005
nonstationary,0.3,123,0.5929,0.4483,4.1962,7.2755
nonstationary,0.3,124,0.6117,0.4609,1.1813,0.2599
nonstationary,0.3,125,0.5469,0.419,0.4253,0.0022
nonstationary,0.3,126,0.5696,0.4284,1.1026,0.2423
nonstationary,0.3,127,0.6534,0.5071,2.8195,0.0
nonstationary,0.3,128,0.63,0.478,0.8714,0.0
nonstationary,0.3,129,0.5679,0.429,0.6837,0.0
nonstationary,0.3,130,0.676,0.5245,0.6433,0.0049
nonstationary,0.3,131,0.6625,0.5094,0.3986,0.0
nonstationary,0.3,132,0.5761,0.44,0.7331,0.0042
nonstationary,0.3,133,0.6331,0.4849,0.0589,0.0001
nonstationary,0.3,134,0.5802,0.4346,0.4788,0.0
nonstationary,0.3,135,0.6493,0.4988,0.4842,0.0
nonstationary,0.3,136,0.6215,0.4784,0.2635,0.0
nonstationary,0.3,137,0.6117,0.4648,0.4124,0.0005
nonstationary,0.3,138,0.6129,0.4735,1.4714,0.0
nonstationary,0.3,139,0.621,0.4698,0.1995,0.0008
nonstationary,0.3,140,0.6215,0.4752,0.6086,0.0
nonstationary,0.3,141,0.6282,0.484,0.1284,0.0
nonstationary,0.3,142,0.6072,0.4662,5.8119,8.6924
nonstationary,0.3,143,0.6156,0.4715,4.3043,17.6518
nonstationary,0.3,144,0.57,0.4283,0.0919,0.0
nonstationary,0.3,145,0.5997,0.4635,0.0472,0.0
nonstationary,0.3,146,0.6581,0.5064,0.0519,0.0004
nonstationary,0.3,147,0.6233,0.4729,0.0257,0.0
nonstationary,0.3,148,0.5809,0.443,0.228,0.0
nonstationary,0.3,149,0.6407,0.4958,6.1604,17.0505
nonstationary,0.3,150,0.6547,0.5077,0.2699,0.0071
nonstationary,0.3,151,0.5868,0.4485,0.2999,0.0839
nonstationary,0.3,152,0.6344,0.4844,2.0484,0.3444
nonstationary,0.3,153,0.65,0.4998,0.6243,0.0
nonstationary,0.3,154,0.6096,0.4606,0.0764,0.0
nonstationary,0.3,155,0.61,0.4662,4.0947,6.4858
nonstationary,0.3,156,0.6307,0.4882,2.8166,0.1109
nonstationary,0.3,157,0.6072,0.4625,0.3639,0.0014
nonstationary,0.3,158,0.6159,0.4779,4.9654,17.5041
nonstationary,0.3,159,0.6494,0.4972,0.4271,0.0
nonstationary,0.3,160,0.6259,0.4774,0.3234,0.0
nonstationary,0.3,161,0.6427,0.4923,0.2152,0.0002
nonstationary,0.3,162,0.6144,0.4659,3.5176,15.0118
nonstationary,0.3,163,0.6119,0.4625,0.0539,0.0002
nonstationary,0.3,164,0.6,0.4566,4.6551,1.9138
nonstationary,0.3,165,0.5922,0.4491,3.158,6.9784
nonstationary,0.3,166,0.6283,0.4749,2.9682,0.1652
nonstationary,0.3,167,0.5818,0.4424,1.6325,0.9329
nonstationary,0.3,168,0.63,0.4794,0.3664,0.0
nonstationary,0.3,169,0.6294,0.4841,0.2898,0.0
nonstationary,0.3,170,0.6175,0.4773,0.0451,0.0001
nonstationary,0.3,171,0.6498,0.4948,2.5398,0.0
nonstationary,0.3,172,0.6852,0.5287,5.1856,19.8618
nonstationary,0.3,173,0.6149,0.4678,0.1469,0.007
nonstationary,0.3,174,0.6498,0.4931,0.0467,0.0
nonstationary,0.3,175,0.6291,0.477,2.1942,0.5827
nonstationary,0.3,176,0.6988,0.5406,6.6425,53.0556
nonstationary,0.3,177,0.6494,0.5068,0.2282,0.0
nonstationary,0.3,178,0.6178,0.4683,1.6801,0.6107
nonstationary,0.3,179,0.6015,0.4581,0.074,0.0002
nonstationary,0.3,180,0.6232,0.4758,3.539,5.2217
nonstationary,0.3,181,0.6158,0.465,13.4876,167.5942
nonstationary,0.3,182,0.6283,0.4845,0.0689,0.0
nonstationary,0.3,183,0.6372,0.486,0.4137,0.0
nonstationary,0.3,184,0.647,0.4964,3.5976,18.9061
nonstationary,0.3,185,0.6519,0.4975,1.0811,0.0
nonstationary,0.3,186,0.6171,0.4668,0.0252,0.0
nonstationary,0.3,187,0.6198,0.478,0.0304,0.0
nonstationary,0.3,188,0.6145,0.4712,0.1922,0.0
nonstationary,0.3,189,0.6073,0.466,0.3352,0.0001
nonstationary,0.3,190,0.6366,0.4865,0.394,0.0373
nonstationary,0.3,191,0.6203,0.476,0.0022,0.0
nonstationary,0.3,192,0.627,0.4796,0.4528,0.0001
nonstationary,0.3,193,0.6515,0.501,20.6501,67.938
nonstationary,0.3,194,0.5918,0.4498,1.4429,0.9049
nonstationary,0.3,195,0.6541,0.5019,2.7944,4.0226
nonstationary,0.3,196,0.6386,0.491,0.2213,0.0
nonstationary,0.3,197,0.6225,0.4738,6.1737,12.4725
nonstationary,0.3,198,0.5856,0.4492,0.0273,0.0
nonstationary,0.3,199,0.5526,0.4217,2.0388,0.1725
nonstationary,0.3,200,0.5961,0.45,0.4093,0.0
nonstationary,0.3,201,0.5995,0.4631,0.1759,0.0002
nonstationary,0.3,202,0.643,0.4961,0.5327,0.0415
nonstationary,0.3,203,0.66,0.5099,0.3425,0.0001
nonstationary,0.3,204,0.5984,0.4585,0.666,0.1595
nonstationary,0.3,205,0.6037,0.4639,0.0142,0.0
nonstationary,0.3,206,0.6313,0.4836,0.0169,0.0
nonstationary,0.3,207,0.6147,0.4683,0.0317,0.0005
nonstationary,0.3,208,0.6419,0.493,0.248,0.0244
nonstationary,0.3,209,0.6298,0.4824,0.449,0.0967
nonstationary,0.3,210,0.6096,0.465,0.0477,0.0003
nonstationary,0.3,211,0.6414,0.4909,8.9308,55.7773
nonstationary,0.3,212,0.5892,0.4519,0.018,0.0003
nonstationary,0.3,213,0.5953,0.4505,4.0667,0.9703
nonstationary,0.3,214,0.6187,0.4708,0.1098,0.0
nonstationary,0.3,215,0.6179,0.4709,1.978,0.5668
nonstationary,0.3,216,0.5914,0.4446,10.1139,63.4892
nonstationary,0.3,217,0.6291,0.4859,0.0123,0.0
nonstationary,0.3,218,0.5905,0.4458,0.0114,0.0003
nonstationary,0.3,219,0.6135,0.4677,7.6818,48.7079
nonstationary,0.3,220,0.6661,0.5093,1.2351,0.0243
nonstationary,0.3,221,0.651,0.4942,0.0425,0.0
nonstationary,0.3,222,0.6199,0.4708,3.5171,4.2331
nonstationary,0.3,223,0.6396,0.4912,0.7102,0.0
nonstationary,0.3,224,0.6344,0.485,0.0058,0.0
nonstationary,0.3,225,0.5976,0.4612,1.0358,0.0
nonstationary,0.3,226,0.5499,0.4113,1.401,0.0
nonstationary,0.3,227,0.6296,0.4805,0.3946,0.0
nonstationary,0.3,228,0.6077,0.4609,0.2739,0.0
nonstationary,0.3,229,0.6814,0.526,0.1945,0.0
nonstationary,0.3,230,0.6721,0.516,2.7437,7.2692
nonstationary,0.3,231,0.654,0.509,0.4435,0.0
nonstationary,0.3,232,0.608,0.4662,3.7056,8.7687
nonstationary,0.3,233,0.5736,0.433,0.6906,0.0
nonstationary,0.3,234,0.6396,0.4892,0.5504,0.0
nonstationary,0.3,235,0.587,0.4527,6.222,9.536
nonstationary,0.3,236,0.6606,0.5071,0.4176,0.0423
nonstationary,0.3,237,0.6168,0.4729,3.0856,2.8581
nonstationary,0.3,238,0.6107,0.4643,3.0327,6.9525
nonstationary,0.3,239,0.5958,0.4563,0.0514,0.0
nonstationary,0.3,240,0.6374,0.4887,0.3486,0.0
nonstationary,0.3,241,0.6179,0.473,0.0063,0.0
nonstationary,0.5,42,0.7188,0.5693,3.5724,13.7419
nonstationary,0.5,43,0.7401,0.5794,0.2733,0.0
nonstationary,0.5,44,0.7584,0.5947,0.1025,0.0
nonstationary,0.5,45,0.737,0.5727,0.362,0.0
nonstationary,0.5,46,0.7429,0.583,0.5532,0.0
nonstationary,0.5,47,0.7158,0.5597,0.1767,0.0
nonstationary,0.5,48,0.7294,0.573,0.4915,0.0
nonstationary,0.5,49,0.7723,0.6079,4.2485,3.0049
nonstationary,0.5,50,0.7675,0.598,1.1839,0.0
nonstationary,0.5,51,0.7176,0.5589,0.203,0.0
nonstationary,0.5,52,0.7418,0.5787,0.7728,0.0
nonstationary,0.5,53,0.7119,0.5517,3.426,6.5605
nonstationary,0.5,54,0.7411,0.5757,1.2658,0.0
nonstationary,0.5,55,0.6942,0.5447,0.9342,0.0
nonstationary,0.5,56,0.7446,0.5838,0.1625,0.0
nonstationary,0.5,57,0.6951,0.54,1.0068,1.2245
nonstationary,0.5,58,0.7114,0.5559,0.4488,0.0
nonstationary,0.5,59,0.671,0.5255,0.1674,0.0001
nonstationary,0.5,60,0.7451,0.5883,1.4,0.6323
nonstationary,0.5,61,0.7365,0.5801,0.4249,0.0252
nonstationary,0.5,62,0.7462,0.5835,10.5597,76.0959
nonstationary,0.5,63,0.7196,0.5686,4.6839,24.7367
nonstationary,0.5,64,0.7172,0.5582,0.4268,0.0
nonstationary,0.5,65,0.7206,0.5615,0.3229,0.0
nonstationary,0.5,66,0.7411,0.5748,0.1908,0.001
nonstationary,0.5,67,0.7261,0.5583,4.9834,2.547
nonstationary,0.5,68,0.7239,0.5653,0.5814,0.0149
nonstationary,0.5,69,0.696,0.5469,6.1241,5.8366
nonstationary,0.5,70,0.7335,0.5749,7.5951,15.4569
nonstationary,0.5,71,0.7527,0.5895,2.4013,1.2767
nonstationary,0.5,72,0.7556,0.5875,0.0677,0.0
nonstationary,0.5,73,0.7418,0.573,0.082,0.0001
nonstationary,0.5,74,0.6916,0.5416,2.1431,0.9142
nonstationary,0.5,75,0.7588,0.5976,6.0324,13.4533
nonstationary,0.5,76,0.7302,0.5723,6.0339,3.8141
nonstationary,0.5,77,0.696,0.5428,0.7275,0.0315
nonstationary,0.5,78,0.7272,0.5624,0.3704,0.0
nonstationary,0.5,79,0.6978,0.5451,0.377,0.0085
nonstationary,0.5,80,0.702,0.5476,0.8389,0.0
nonstationary,0.5,81,0.7095,0.551,0.5391,0.0
nonstationary,0.5,82,0.7138,0.5606,1.2503,1.0642
nonstationary,0.5,83,0.7343,0.5734,1.1754,0.0
nonstationary,0.5,84,0.6863,0.5333,2.7528,0.2608
nonstationary,0.5,85,0.6817,0.5349,2.3777,0.6607
nonstationary,0.5,86,0.7349,0.5729,0.1083,0.0
nonstationary,0.5,87,0.7617,0.5961,0.2502,0.0004
nonstationary,0.5,88,0.7066,0.5544,12.8768,105.5063
nonstationary,0.5,89,0.7051,0.5438,4.1921,0.0001
nonstationary,0.5,90,0.7374,0.5728,0.1477,0.0
nonstationary,0.5,91,0.7391,0.5792,0.3608,0.0
nonstationary,0.5,92,0.6955,0.5483,6.8737,30.449
nonstationary,0.5,93,0.7055,0.5553,0.997,0.1218
nonstationary,0.5,94,0.7348,0.5747,3.1831,10.2444
nonstationary,0.5,95,0.7281,0.5704,7.4365,4.1827
nonstationary,0.5,96,0.699,0.5389,2.4489,0.0568
nonstationary,0.5,97,0.7593,0.5955,2.2905,7.097
nonstationary,0.5,98,0.7514,0.5902,0.9619,0.0
nonstationary,0.5,99,0.7424,0.5855,0.1597,0.0007
nonstationary,0.5,100,0.7305,0.5677,0.1626,0.0
nonstationary,0.5,101,0.7364,0.5798,0.9441,0.0
nonstationary,0.5,102,0.6648,0.5214,2.8483,5.039
nonstationary,0.5,103,0.7095,0.554,5.9345,2.4157
nonstationary,0.5,104,0.726,0.5653,6.2508,14.1769
nonstationary,0.5,105,0.7192,0.5656,9.9974,80.593
nonstationary,0.5,106,0.7347,0.569,0.1446,0.001
nonstationary,0.5,107,0.7137,0.5537,1.0084,0.0
nonstationary,0.5,108,0.6661,0.5269,0.6475,0.0
nonstationary,0.5,109,0.7409,0.5839,0.2744,0.0
nonstationary,0.5,110,0.7375,0.578,0.5512,0.0
nonstationary,0.5,111,0.7151,0.5547,0.5222,0.0
nonstationary,0.5,112,0.7125,0.5543,0.3003,0.0
nonstationary,0.5,113,0.7323,0.5784,1.241,0.0
nonstationary,0.5,114,0.7271,0.5674,0.0182,0.0
nonstationary,0.5,115,0.7147,0.552,7.1429,33.9649
nonstationary,0.5,116,0.7316,0.5681,1.6892,0.5912
nonstationary,0.5,117,0.7614,0.6039,0.8505,0.0
nonstationary,0.5,118,0.7203,0.5652,0.0544,0.0001
nonstationary,0.5,119,0.7024,0.5434,1.5224,2.0949
nonstationary,0.5,120,0.7574,0.5927,2.1656,0.087
nonstationary,0.5,121,0.7294,0.5722,0.336,0.0
nonstationary,0.5,122,0.7052,0.5502,2.2482,5.1687
nonstationary,0.5,123,0.7109,0.5529,0.9076,0.0336
nonstationary,0.5,124,0.7611,0.5959,0.4328,0.0
nonstationary,0.5,125,0.6931,0.5494,0.383,0.0
nonstationary,0.5,126,0.6994,0.5448,1.6577,0.0
nonstationary,0.5,127,0.7012,0.5487,5.8541,22.5305
nonstationary,0.5,128,0.6999,0.5429,2.5093,0.2276
nonstationary,0.5,129,0.7534,0.5918,0.8548,0.0
nonstationary,0.5,130,0.7576,0.5913,0.1972,0.0
nonstationary,0.5,131,0.7022,0.5502,4.7544,4.9615
nonstationary,0.5,132,0.7067,0.5477,1.1534,0.0
nonstationary,0.5,133,0.7242,0.5686,0.2632,0.0001
nonstationary,0.5,134,0.7273,0.5651,2.6555,1.4949
nonstationary,0.5,135,0.7629,0.6012,0.1175,0.0001
nonstationary,0.5,136,0.6974,0.5419,3.09,0.2047
nonstationary,0.5,137,0.7122,0.5526,0.2004,0.0002
nonstationary,0.5,138,0.7438,0.5847,5.4957,6.9586
nonstationary,0.5,139,0.6996,0.541,0.7966,0.0
nonstationary,0.5,140,0.7225,0.5646,2.6113,1.3105
nonstationary,0.5,141,0.7568,0.5973,12.453,90.9311
nonstationary,0.5,142,0.7258,0.5657,20.1102,57.5373
nonstationary,0.5,143,0.7131,0.5552,2.3242,1.7201
nonstationary,0.5,144,0.7175,0.5582,0.7675,0.0
nonstationary,0.5,145,0.7048,0.5547,0.3195,0.0
nonstationary,0.5,146,0.7411,0.5767,0.1442,0.0
nonstationary,0.5,147,0.7138,0.5502,8.5942,31.4787
nonstationary,0.5,148,0.7182,0.5669,0.1948,0.0
nonstationary,0.5,149,0.7201,0.5634,2.5065,0.6517
nonstationary,0.5,150,0.7386,0.5777,1.0096,0.0394
nonstationary,0.5,151,0.7006,0.5455,0.5439,0.0993
nonstationary,0.5,152,0.7029,0.5463,7.8954,8.7678
nonstationary,0.5,153,0.6914,0.5389,0.4547,0.0
nonstationary,0.5,154,0.7485,0.5896,0.0289,0.0001
nonstationary,0.5,155,0.7247,0.5676,1.2922,0.8411
nonstationary,0.5,156,0.7382,0.5744,0.2282,0.0
nonstationary,0.5,157,0.7294,0.5646,0.756,0.0021
nonstationary,0.5,158,0.7023,0.5498,3.1439,0.7453
nonstationary,0.5,159,0.7543,0.5915,0.5583,0.0
nonstationary,0.5,160,0.7204,0.568,0.9488,0.0
nonstationary,0.5,161,0.6887,0.5421,3.242,4.0606
nonstationary,0.5,162,0.7242,0.5623,2.2242,0.4311
nonstationary,0.5,163,0.7382,0.5813,0.0844,0.0001
nonstationary,0.5,164,0.7325,0.5722,11.4376,108.8914
nonstationary,0.5,165,0.7014,0.5487,0.333,0.0
nonstationary,0.5,166,0.728,0.5658,0.7221,0.0
nonstationary,0.5,167,0.7424,0.5779,8.4467,91.8427
nonstationary,0.5,168,0.7612,0.6,0.7426,0.0
nonstationary,0.5,169,0.7033,0.5478,1.2035,0.0
nonstationary,0.5,170,0.7248,0.5653,0.7459,0.0
nonstationary,0.5,171,0.7052,0.5509,2.006,1.5815
nonstationary,0.5,172,0.7315,0.5733,0.2796,0.0
nonstationary,0.5,173,0.7014,0.5396,3.3257,2.036
nonstationary,0.5,174,0.7123,0.5599,3.2633,0.0
nonstationary,0.5,175,0.7339,0.5707,1.0914,0.037
nonstationary,0.5,176,0.7509,0.5863,8.49,0.2282
nonstationary,0.5,177,0.7235,0.5661,0.4485,0.0
nonstationary,0.5,178,0.7381,0.5736,2.3341,0.0505
nonstationary,0.5,179,0.7321,0.5695,1.5501,0.0
nonstationary,0.5,180,0.724,0.5637,4.8284,11.7271
nonstationary,0.5,181,0.724,0.5624,3.4601,0.143
nonstationary,0.5,182,0.6923,0.5331,5.6297,29.3881
nonstationary,0.5,183,0.6782,0.5269,0.217,0.0
nonstationary,0.5,184,0.711,0.5546,0.4155,0.1821
nonstationary,0.5,185,0.7231,0.5582,0.1524,0.0
nonstationary,0.5,186,0.74,0.5794,2.7476,0.0
nonstationary,0.5,187,0.7652,0.6022,4.8136,12.694
nonstationary,0.5,188,0.7011,0.5408,3.2919,0.0526
nonstationary,0.5,189,0.7096,0.5544,1.5955,0.0
nonstationary,0.5,190,0.7428,0.5818,0.6655,0.0
nonstationary,0.5,191,0.7151,0.5601,1.6415,0.012
nonstationary,0.5,192,0.7043,0.5496,1.6042,0.0
nonstationary,0.5,193,0.7446,0.59,1.9663,0.0
nonstationary,0.5,194,0.7167,0.5617,3.8652,2.655
nonstationary,0.5,195,0.735,0.5717,1.9921,0.7382
nonstationary,0.5,196,0.7539,0.5896,4.1277,15.5216
nonstationary,0.5,197,0.6875,0.5385,6.8714,12.148
nonstationary,0.5,198,0.7132,0.5564,1.7477,0.0082
nonstationary,0.5,199,0.6971,0.5406,0.8034,0.0
nonstationary,0.5,200,0.7446,0.5817,5.2199,22.4458
nonstationary,0.5,201,0.6863,0.5377,0.209,0.0
nonstationary,0.5,202,0.691,0.5409,13.0362,73.8309
nonstationary,0.5,203,0.7735,0.6054,0.371,0.0071
nonstationary,0.5,204,0.719,0.5667,0.6996,0.0003
nonstationary,0.5,205,0.7323,0.5768,0.3768,0.0
nonstationary,0.5,206,0.6956,0.543,5.4151,0.0
nonstationary,0.5,207,0.7293,0.5736,0.2721,0.0
nonstationary,0.5,208,0.6888,0.5318,2.5065,8.8628
nonstationary,0.5,209,0.7304,0.5677,0.2029,0.0
nonstationary,0.5,210,0.7019,0.5465,0.0652,0.0
nonstationary,0.5,211,0.7053,0.5524,0.7979,0.0201
nonstationary,0.5,212,0.7159,0.5655,1.4231,0.0
nonstationary,0.5,213,0.7289,0.5621,0.2061,0.0
nonstationary,0.5,214,0.732,0.5791,4.0908,3.9371
nonstationary,0.5,215,0.7266,0.566,6.0427,0.7302
nonstationary,0.5,216,0.7032,0.5546,2.5176,3.6475
nonstationary,0.5,217,0.71,0.5545,0.4833,0.0
nonstationary,0.5,218,0.7106,0.5529,0.6358,0.0023
nonstationary,0.5,219,0.7434,0.5828,2.3716,3.5679
nonstationary,0.5,220,0.7176,0.5532,0.4729,0.0111
nonstationary,0.5,221,0.7313,0.5705,1.2317,0.0
nonstationary,0.5,222,0.7136,0.5561,1.06,0.1861
nonstationary,0.5,223,0.7022,0.5469,9.2641,29.622
nonstationary,0.5,224,0.7465,0.5847,0.9877,0.0161
nonstationary,0.5,225,0.7098,0.562,3.9566,1.8401
nonstationary,0.5,226,0.7045,0.5485,3.7979,2.7782
nonstationary,0.5,227,0.7551,0.5987,2.8427,10.7619
nonstationary,0.5,228,0.6834,0.5345,0.3783,0.0
nonstationary,0.5,229,0.7252,0.5604,0.6047,0.0
nonstationary,0.5,230,0.7634,0.601,16.7213,107.4406
nonstationary,0.5,231,0.7188,0.5612,1.3075,0.6969
nonstationary,0.5,232,0.7411,0.5725,6.7129,27.3015
nonstationary,0.5,233,0.6909,0.5394,12.9725,53.0416
nonstationary,0.5,234,0.7347,0.5785,0.1288,0.0
nonstationary,0.5,235,0.673,0.532,5.4796,2.9875
nonstationary,0.5,236,0.7528,0.5889,1.0126,0.0189
nonstationary,0.5,237,0.7132,0.5528,2.0199,3.9699
nonstationary,0.5,238,0.7379,0.5746,4.6324,7.0533
nonstationary,0.5,239,0.7259,0.5714,0.3626,0.0
nonstationary,0.5,240,0.7568,0.5913,2.4172,1.0068
nonstationary,0.5,241,0.7231,0.5686,0.4458,0.0
