h_rate,controller,seed,viol_rate,final_V,auc_V,pearson
0.0,C3_EMA,0,0.3383383383383383,0.33294126399804147,2.0627063849029557,0.9554757984638151
0.0,C3_EMA,1,0.36236236236236236,24.401391410536256,2.088305534194032,0.9494903569379447
0.0,C3_EMA,2,0.3353353353353353,0.011703702846905181,2.047950530032176,0.9462842813462282
0.0,C3_EMA,3,0.35235235235235235,0.004372982103997367,2.0935735154146613,0.9545292153604065
0.0,C3_EMA,4,0.35035035035035034,0.04302976401729142,1.9511433261335673,0.9421956338488287
0.0,C3_EMA,5,0.3433433433433433,0.05788371534588263,2.0923869529067813,0.9459348045823412
0.0,C3_EMA,6,0.36436436436436437,0.06315106189061392,1.9344539391517106,0.9457471528612403
0.0,C3_EMA,7,0.34434434434434436,6.812679726683095,2.113768940446002,0.955750295323482
0.0,C3_EMA,8,0.3563563563563564,0.07369758810333742,2.0490638063120823,0.955429138850193
0.0,C3_EMA,9,0.34234234234234234,0.01110972930663446,2.023034916770194,0.9579734376296938
0.0,C3_EMA,10,0.3563563563563564,0.01059468729702627,2.0690439693916893,0.9527490703766404
0.0,C3_EMA,11,0.34034034034034033,0.08064209114315268,2.0230469606145385,0.9502277801361646
0.0,C3_EMA,12,0.34634634634634637,0.11835860385647216,1.9701458506710903,0.9488670402976438
0.0,C3_EMA,13,0.34034034034034033,0.019650760196852295,2.03799102051118,0.9495722439023793
0.0,C3_EMA,14,0.3483483483483483,0.016473478370803603,2.016554884578861,0.9424061646257105
0.0,C3_EMA,15,0.34934934934934936,0.037813745015971914,1.9784328374775182,0.9416635244924897
0.0,C3_EMA,16,0.35135135135135137,0.49261439178326927,2.072761810169506,0.9387969460446788
0.0,C3_EMA,17,0.3483483483483483,0.012120324842679124,2.038312184866152,0.9489771150377931
0.0,C3_EMA,18,0.35435435435435436,9.541483581078458,1.9923783894205869,0.939541753152857
0.0,C3_EMA,19,0.3613613613613614,0.07502812124903835,2.038551832088081,0.9476223204675105
0.0,C3_EMA,20,0.33633633633633636,0.024047224293336215,2.0525360305857117,0.9538710215433419
0.0,C3_EMA,21,0.3483483483483483,0.00831578917631999,2.066627595345692,0.9552047509853716
0.0,C3_EMA,22,0.3613613613613614,0.21627556031572753,1.9936611416620336,0.9467959007738427
0.0,C3_EMA,23,0.33633633633633636,6.068130918922612,2.054965242009157,0.9445514334215259
0.0,C3_EMA,24,0.34634634634634637,0.2385552015162671,1.9865235484364052,0.9467883718528636
0.0,C3_EMA,25,0.3563563563563564,0.03857284588535809,1.993186411596132,0.9514295036349906
0.0,C3_EMA,26,0.35135135135135137,0.009823268889853342,2.10450023394874,0.9420413056295311
0.0,C3_EMA,27,0.35035035035035034,2.5041237607443163,2.012449014459959,0.9460094122195096
0.0,C3_EMA,28,0.34734734734734735,0.02940843128207534,2.0099013356217106,0.9473733767069663
0.0,C3_EMA,29,0.34634634634634637,0.002712196433268965,2.064542703340172,0.9385428956730549
0.0,C3_EMA,30,0.34534534534534533,0.09542213681003375,1.9945704180635482,0.9502348421234361
0.0,C3_EMA,31,0.36236236236236236,0.42236766456478325,2.02187863044135,0.9507517242804647
0.0,C3_EMA,32,0.3663663663663664,0.053915923541056905,2.1015101143256567,0.9495628050015461
0.0,C3_EMA,33,0.36236236236236236,66.30873128701788,2.108493275211511,0.9521722813076189
0.0,C3_EMA,34,0.34434434434434436,0.8384963704703676,2.0978653787120916,0.9534570781654074
0.0,C3_EMA,35,0.35235235235235235,0.011083991279644202,2.031358369448024,0.9429304325412211
0.0,C3_EMA,36,0.35235235235235235,0.12991865035315667,1.9687510764702274,0.9495993881316808
0.0,C3_EMA,37,0.3563563563563564,67.46811069428496,2.0710366248408443,0.9367792918691924
0.0,C3_EMA,38,0.35135135135135137,0.5193551305813924,2.06916538832838,0.9387041292725757
0.0,C3_EMA,39,0.33933933933933935,2.074209144487981,2.089761063518966,0.9516440511681434
0.0,C3_raw,0,0.5005005005005005,0.5734924915549457,0.5616622874476238,0.0888614513881526
0.0,C3_raw,1,0.4894894894894895,0.5863420311216511,0.5604668822301053,0.0738296456241781
0.0,C3_raw,2,0.5045045045045045,0.6022346060055925,0.5643161797530523,0.6084676659111198
0.0,C3_raw,3,0.5095095095095095,0.6318105332279714,0.5612807936125238,0.9271449468665909
0.0,C3_raw,4,0.5005005005005005,0.6552818015996402,0.563159230121515,0.6995769518272327
0.0,C3_raw,5,0.4994994994994995,0.5392887624567052,0.5733386821955075,0.08970091148722807
0.0,C3_raw,6,0.4974974974974975,0.5877052159866127,0.5638315061224365,0.4739414324738603
0.0,C3_raw,7,0.4954954954954955,0.5738956637930018,0.5595875877142062,0.3948219906291677
0.0,C3_raw,8,0.5025025025025025,0.6606326656264768,0.5624249908001621,0.05958187296830666
0.0,C3_raw,9,0.4994994994994995,0.6112645909171297,0.5547120079036024,0.8085162046329486
0.0,C3_raw,10,0.5045045045045045,0.5918053121871465,0.5566720401901035,0.843890392953069
0.0,C3_raw,11,0.5015015015015015,0.5732851492961917,0.5605907796208973,0.4379058513405334
0.0,C3_raw,12,0.5045045045045045,0.5766904835245629,0.5616296021995609,0.17621649479896317
0.0,C3_raw,13,0.4954954954954955,0.5102431695516407,0.5830576925264115,0.1408505297850192
0.0,C3_raw,14,0.5045045045045045,0.4410847432793742,0.5620023391577447,0.2228009283827671
0.0,C3_raw,15,0.4984984984984985,0.4704418088803537,0.5561686974931683,0.23632575868006564
0.0,C3_raw,16,0.4964964964964965,0.5621363040730399,0.5695154977687933,0.05979726578359749
0.0,C3_raw,17,0.4994994994994995,0.583629193141423,0.5677641815991135,0.06842667710341362
0.0,C3_raw,18,0.5035035035035035,0.4304373121040133,0.5623910538391172,0.2747144324559136
0.0,C3_raw,19,0.5005005005005005,0.44151801503413507,0.5660110184116762,0.14523099533580366
0.0,C3_raw,20,0.4994994994994995,0.6068477934767686,0.56479944987706,0.5145488385754833
0.0,C3_raw,21,0.4984984984984985,0.3560253595939186,0.5733552591789912,0.09907073714341308
0.0,C3_raw,22,0.4894894894894895,0.784728221303385,0.5608355858476247,0.1452911901823543
0.0,C3_raw,23,0.5005005005005005,0.40194060250822977,0.5625103352273375,0.3114550107199005
0.0,C3_raw,24,0.4984984984984985,0.6637214086114035,0.559607048447215,0.48546169994157823
0.0,C3_raw,25,0.4854854854854855,0.5102105906413901,0.557202362453022,0.8171101497017551
0.0,C3_raw,26,0.4974974974974975,0.4872602610248592,0.5699226672076848,0.3780323332621314
0.0,C3_raw,27,0.4964964964964965,0.47151929008397264,0.5716747778411025,0.12367155925914101
0.0,C3_raw,28,0.5015015015015015,0.32303512877730534,0.5576985719972842,0.4602659928343118
0.0,C3_raw,29,0.4994994994994995,0.41227459061616567,0.5602238624390515,0.8188455243744606
0.0,C3_raw,30,0.5075075075075075,0.7045210348788467,0.5636876103272189,0.21180510586281334
0.0,C3_raw,31,0.5005005005005005,0.5608001442469565,0.5583439513113176,0.8465212140528626
0.0,C3_raw,32,0.4924924924924925,0.6172352581835195,0.559821499822594,0.9004490047095791
0.0,C3_raw,33,0.5035035035035035,0.5427147225459689,0.5577364934173763,0.8465338170868105
0.0,C3_raw,34,0.4984984984984985,0.8099368056001397,0.5634638561087787,0.20378089677160308
0.0,C3_raw,35,0.48848848848848847,0.42670880797480615,0.5729640795733418,0.08104793135712562
0.0,C3_raw,36,0.5005005005005005,0.43292039601095905,0.5673926323342303,0.7710470187285927
0.0,C3_raw,37,0.5065065065065065,0.42525877445189686,0.5579211035287753,0.6822723534335426
0.0,C3_raw,38,0.5005005005005005,0.5447780931984237,0.5606836762249974,0.538694951255861
0.0,C3_raw,39,0.4894894894894895,0.4664795234798852,0.5598908374678925,0.7187209508638075
0.1,C3_EMA,0,0.26126126126126126,0.8032897964987462,2.155427832141354,0.907465944557193
0.1,C3_EMA,1,0.2752752752752753,0.30297460586659075,2.0888678047808527,0.8982943885444601
0.1,C3_EMA,2,0.25125125125125125,0.06524763613607391,2.193439086269009,0.9153441068664352
0.1,C3_EMA,3,0.2732732732732733,0.016085008632811346,2.119125852264113,0.8909557045218977
0.1,C3_EMA,4,0.2602602602602603,0.24438641992130333,2.0608702734623177,0.879549842706195
0.1,C3_EMA,5,0.27927927927927926,3.9760659787155044,2.125929707008091,0.8608362168045159
0.1,C3_EMA,6,0.2952952952952953,0.01848049667465136,2.098715246585402,0.9185883567405243
0.1,C3_EMA,7,0.2782782782782783,12.44795851898184,2.17427437880774,0.862483950859384
0.1,C3_EMA,8,0.25925925925925924,0.3425316337977525,2.0645597929259796,0.8694261249358514
0.1,C3_EMA,9,0.24724724724724725,0.04203777634270129,2.1557984635883085,0.9255449161320726
0.1,C3_EMA,10,0.28128128128128127,0.03945022089222111,2.2484874637971197,0.9026202554378501
0.1,C3_EMA,11,0.25725725725725723,0.02064539389220927,2.237946113301021,0.9049884209130757
0.1,C3_EMA,12,0.25825825825825827,0.1258179612765114,2.1746262553932043,0.9022649341500638
0.1,C3_EMA,13,0.2732732732732733,11.230676947751084,2.15700035952688,0.885388251270022
0.1,C3_EMA,14,0.27427427427427425,0.34360841423512306,2.1241020479159296,0.8989218595670734
0.1,C3_EMA,15,0.25625625625625625,0.7278442976348608,2.2244111650366487,0.9044486182902198
0.1,C3_EMA,16,0.25225225225225223,0.668767856327829,2.2332959888853536,0.8791532629526924
0.1,C3_EMA,17,0.25125125125125125,0.06823600348343845,2.2538321949898634,0.8980676598357696
0.1,C3_EMA,18,0.2732732732732733,3.3236027650666125,2.024877189858099,0.895258243893224
0.1,C3_EMA,19,0.26126126126126126,0.16200305785614327,2.1148693274235453,0.8917983993891087
0.1,C3_EMA,20,0.25925925925925924,1.4622827660078472,2.2060949797101097,0.8959885104564207
0.1,C3_EMA,21,0.26926926926926925,0.18749812164644053,2.203813900369246,0.8482969160751953
0.1,C3_EMA,22,0.24624624624624625,11.685718875399044,2.100650463622286,0.8803754959456227
0.1,C3_EMA,23,0.2772772772772773,0.49711342154079907,2.1583936941681423,0.9025466783047451
0.1,C3_EMA,24,0.25825825825825827,11.350495149426047,2.0793177139442816,0.8869603181597231
0.1,C3_EMA,25,0.2682682682682683,0.11710718223462094,2.1849455893736693,0.8925849776064735
0.1,C3_EMA,26,0.24724724724724725,0.24681817967546663,2.216703658728882,0.9031779452901181
0.1,C3_EMA,27,0.2902902902902903,0.23732567355931297,2.0677504169992384,0.9158919441575981
0.1,C3_EMA,28,0.28128128128128127,0.03375295122929968,2.207190584231239,0.8847315988306159
0.1,C3_EMA,29,0.2722722722722723,12.17054213558371,2.1472616344627924,0.894715292473139
0.1,C3_EMA,30,0.26326326326326327,0.10877677019219287,2.1404888826358954,0.8880096340976693
0.1,C3_EMA,31,0.26126126126126126,2.4254966453623164,2.2368952442514893,0.8907261030564934
0.1,C3_EMA,32,0.27127127127127126,0.08367468653630608,2.1257090408866883,0.8996602701705917
0.1,C3_EMA,33,0.24924924924924924,0.03944970247503378,2.18672607781275,0.8968991050953735
0.1,C3_EMA,34,0.2772772772772773,1.861007848167273,2.2069757049939027,0.8762966113602912
0.1,C3_EMA,35,0.2832832832832833,0.030976146122111983,2.071519661019959,0.9208902809749605
0.1,C3_EMA,36,0.2772772772772773,0.10642302058332805,2.1282009990746813,0.878582841659134
0.1,C3_EMA,37,0.2682682682682683,0.04299029147859105,2.036793650915784,0.8763793530840027
0.1,C3_EMA,38,0.2832832832832833,1.4069014470360621,2.15887697091714,0.8987861914026707
0.1,C3_EMA,39,0.26326326326326327,0.7170289205398824,2.1115582041023244,0.9074517511480203
0.1,C3_raw,0,0.5085085085085085,0.3940094585126707,0.6547164661989398,0.47756076729410735
0.1,C3_raw,1,0.5085085085085085,0.5637937743845884,0.6634723929923053,0.5435893569025089
0.1,C3_raw,2,0.4984984984984985,0.671865642254014,0.6817153407472903,0.7761309193101045
0.1,C3_raw,3,0.5165165165165165,0.6094359903929039,0.6638867189500205,0.7969360079964695
0.1,C3_raw,4,0.4984984984984985,0.7485464491150393,0.6610091095128641,0.6476200155304749
0.1,C3_raw,5,0.5025025025025025,0.540623712521696,0.6721295986671513,0.13728536405267575
0.1,C3_raw,6,0.5005005005005005,0.49200183815775456,0.6779847789284761,0.7578129764886736
0.1,C3_raw,7,0.5055055055055055,0.568424607121068,0.6559160088527795,0.7273910212164544
0.1,C3_raw,8,0.5035035035035035,0.6308822508434561,0.6645033230144916,0.5208589682418393
0.1,C3_raw,9,0.5235235235235235,0.5360247625937913,0.6566948670688111,0.8071285661148467
0.1,C3_raw,10,0.5015015015015015,0.5735259961993965,0.6516628212268104,0.7848205012493041
0.1,C3_raw,11,0.5125125125125125,0.7001354293345109,0.6860912326885052,0.6702320294446671
0.1,C3_raw,12,0.5015015015015015,0.5919897007112364,0.6682158182289285,0.6331221222204012
0.1,C3_raw,13,0.5025025025025025,0.5051233810310081,0.6925335575362686,0.266668299548891
0.1,C3_raw,14,0.5125125125125125,0.4635754207808752,0.6582796657440003,0.7164080877499397
0.1,C3_raw,15,0.5015015015015015,0.4245499302234862,0.6591874096425964,0.703448114249607
0.1,C3_raw,16,0.5005005005005005,0.2784317198098334,0.6724335046966671,0.4261773646015231
0.1,C3_raw,17,0.5105105105105106,0.6611827497491728,0.6669195505799757,0.30754733438289905
0.1,C3_raw,18,0.5115115115115115,0.4312451686788776,0.6604981816649708,0.6689834050964393
0.1,C3_raw,19,0.5125125125125125,0.681771775680003,0.647592140689821,0.3706828868201122
0.1,C3_raw,20,0.5025025025025025,0.6536130257217914,0.6689483649315566,0.6280530430339956
0.1,C3_raw,21,0.5145145145145145,0.24186082678085732,0.677588037581007,0.21380804958000882
0.1,C3_raw,22,0.5015015015015015,1.8405945187753945,0.677987457798979,0.6924063534413084
0.1,C3_raw,23,0.5095095095095095,0.15816910987087163,0.6716228793753205,0.5789706941994132
0.1,C3_raw,24,0.5075075075075075,0.1558992791292833,0.6705558216571069,0.7844451669419505
0.1,C3_raw,25,0.5115115115115115,0.7996626134129997,0.6481362695959417,0.7829002636087079
0.1,C3_raw,26,0.5045045045045045,0.31319611736217706,0.6669012729445248,0.684085429551387
0.1,C3_raw,27,0.5135135135135135,0.84313642892862,0.6832969494233377,0.18790340059625593
0.1,C3_raw,28,0.5075075075075075,0.38484447447684544,0.647250119266662,0.7666442137720002
0.1,C3_raw,29,0.5005005005005005,0.4302284688987758,0.65273926634438,0.7590211439860546
0.1,C3_raw,30,0.5145145145145145,0.8668104479411189,0.6614612216489377,0.5634595784300169
0.1,C3_raw,31,0.5115115115115115,1.2514312549472604,0.6595676187532155,0.7165562984074331
0.1,C3_raw,32,0.5065065065065065,0.613762560401059,0.6750846849492256,0.8215587633156183
0.1,C3_raw,33,0.5155155155155156,0.29868104797477957,0.6622887917562766,0.8122549507885898
0.1,C3_raw,34,0.5005005005005005,0.3552539611779637,0.652601334490541,0.6501998465644564
0.1,C3_raw,35,0.5085085085085085,0.4237804997600642,0.6980134215421561,0.22309042398279477
0.1,C3_raw,36,0.5145145145145145,0.43050472621361197,0.6576346780403919,0.7145487839082901
0.1,C3_raw,37,0.5115115115115115,0.7936597712541835,0.6734681302680183,0.7998016179002294
0.1,C3_raw,38,0.5025025025025025,2.32743657545629,0.6488260754579035,0.7859898831636389
0.1,C3_raw,39,0.5065065065065065,0.6765435190947269,0.6648681703841259,0.6904674492199552
0.3,C3_EMA,0,0.2862862862862863,0.8912619247292396,2.0471486452999517,0.8724014085874882
0.3,C3_EMA,1,0.27927927927927926,0.019449642721720964,2.030179025675653,0.8315375193059248
0.3,C3_EMA,2,0.2852852852852853,0.9225605852123956,2.0503379838340527,0.8892703560589069
0.3,C3_EMA,3,0.2912912912912913,21.59001293338043,2.121333774891497,0.862906501684286
0.3,C3_EMA,4,0.28928928928928926,0.12028622312885322,1.9848898973618312,0.8251284591517017
0.3,C3_EMA,5,0.2722722722722723,0.09738895746896098,2.134498857925609,0.869046242755448
0.3,C3_EMA,6,0.2862862862862863,0.03635240616502157,2.1564823604870424,0.8200304345042105
0.3,C3_EMA,7,0.27927927927927926,0.061695640674775266,2.0777181474033397,0.8532428742089415
0.3,C3_EMA,8,0.2822822822822823,0.4014095174936402,2.051246123893335,0.8714479693936404
0.3,C3_EMA,9,0.2672672672672673,1.969278985863249,2.0772003753497645,0.8558222024665222
0.3,C3_EMA,10,0.2752752752752753,0.09525993954410338,2.2410913609278036,0.8596539365197727
0.3,C3_EMA,11,0.2722722722722723,0.23244543238154547,2.197178923029071,0.8669977869089384
0.3,C3_EMA,12,0.27427427427427425,4.965531268339374,2.16096272620201,0.8903438584272442
0.3,C3_EMA,13,0.2852852852852853,0.1355491106136983,2.191245236848544,0.8546575204372701
0.3,C3_EMA,14,0.2912912912912913,0.41808661133929126,2.0371607004095655,0.8514730897411783
0.3,C3_EMA,15,0.2732732732732733,0.8399926805132647,2.026583881652253,0.847614362331076
0.3,C3_EMA,16,0.2782782782782783,0.12333032132874458,2.096323868420435,0.8463326753794028
0.3,C3_EMA,17,0.2702702702702703,0.08211929811747828,2.0375470616290294,0.8245839072144628
0.3,C3_EMA,18,0.27127127127127126,26.45207991005437,2.1641812174233137,0.8389199578504674
0.3,C3_EMA,19,0.27127127127127126,0.6139803470310202,2.086469989948398,0.8740135230535765
0.3,C3_EMA,20,0.26626626626626626,0.16792397312290944,2.1459829450869345,0.8826827248900062
0.3,C3_EMA,21,0.25625625625625625,0.5442279734615336,2.211086408418354,0.8388159327353094
0.3,C3_EMA,22,0.28128128128128127,1.7129368094341502,2.0336799441625244,0.8640664186348881
0.3,C3_EMA,23,0.2652652652652653,4.697786206798348,2.1439028984627773,0.8462632781639358
0.3,C3_EMA,24,0.2682682682682683,0.2708462136652828,2.1713536862965856,0.8522204325423919
0.3,C3_EMA,25,0.2982982982982983,1.6395648552689708,2.0537905920693524,0.8542331665739927
0.3,C3_EMA,26,0.27627627627627627,0.245259091484111,2.147346922056138,0.8146227093423959
0.3,C3_EMA,27,0.2752752752752753,0.2522668141899814,2.0976980907441196,0.8787151241583863
0.3,C3_EMA,28,0.2682682682682683,0.0331892724634148,2.0847794307762895,0.8649538811054095
0.3,C3_EMA,29,0.2832832832832833,0.23282554826029367,1.987763141657459,0.8263996574873609
0.3,C3_EMA,30,0.27927927927927926,3.454888984817508,1.9848475686130012,0.7640638274762646
0.3,C3_EMA,31,0.2822822822822823,1.7299020342231755,2.0541449054875787,0.8088862103864429
0.3,C3_EMA,32,0.2672672672672673,0.13719094481845412,2.137035920702804,0.8744780541485979
0.3,C3_EMA,33,0.2652652652652653,3.441474905653949,2.247826454919332,0.8167551145213482
0.3,C3_EMA,34,0.2702702702702703,0.11454800214203427,2.072126104801714,0.8749551129223445
0.3,C3_EMA,35,0.2652652652652653,0.6800205779698938,2.1245489265083872,0.8763938275553141
0.3,C3_EMA,36,0.2802802802802803,0.04391813809963305,2.0651333883662426,0.8775831819277093
0.3,C3_EMA,37,0.29429429429429427,0.8019149455860861,1.9963990261571385,0.8562371790179844
0.3,C3_EMA,38,0.2652652652652653,0.7035829476160512,2.0640562038996553,0.8966706084865457
0.3,C3_EMA,39,0.2872872872872873,0.1658960357887071,2.1191485861743597,0.8117351318063423
0.3,C3_raw,0,0.5155155155155156,0.7135526072949921,0.922282873335705,0.6917770344523113
0.3,C3_raw,1,0.5145145145145145,0.7185103871170884,0.865894510375944,0.6455866518511391
0.3,C3_raw,2,0.5175175175175175,0.3298497206359471,0.8899171244825936,0.7808486498525088
0.3,C3_raw,3,0.5165165165165165,0.3333609074570335,0.8762630047232002,0.818422106620844
0.3,C3_raw,4,0.5095095095095095,0.8304608749395115,0.8985088634008798,0.7649538097598001
0.3,C3_raw,5,0.5015015015015015,0.6277656836265019,0.8654919042906901,0.23767548639447264
0.3,C3_raw,6,0.4964964964964965,0.6790294626141462,0.967547860322129,0.7793604510582434
0.3,C3_raw,7,0.5175175175175175,0.5633843094336307,0.8774046732928344,0.781125945341748
0.3,C3_raw,8,0.5055055055055055,0.6756450349730003,0.8893977698280412,0.7045165793142433
0.3,C3_raw,9,0.5105105105105106,0.9109598513511283,0.8532829696864926,0.8054894020848485
0.3,C3_raw,10,0.5145145145145145,0.4285113453388684,0.8820688063053822,0.747711718791022
0.3,C3_raw,11,0.5095095095095095,0.4765290769663541,0.9038332464173235,0.7509717002962502
0.3,C3_raw,12,0.5285285285285285,2.703356732142607,0.8672373249925102,0.6602613459730434
0.3,C3_raw,13,0.5085085085085085,0.44492745023372815,0.9033796067778266,0.3394185686674346
0.3,C3_raw,14,0.5105105105105106,2.5041752821037617,0.8692760412245057,0.6927720009529589
0.3,C3_raw,15,0.5085085085085085,0.36310529881271003,0.858118803273685,0.7240442756161551
0.3,C3_raw,16,0.5095095095095095,0.18719699157362008,0.8919460026770432,0.5690074701340597
0.3,C3_raw,17,0.5105105105105106,0.6968527828846809,0.874735265956384,0.45158407301158365
0.3,C3_raw,18,0.5125125125125125,1.0907957403958994,0.8778224671518505,0.7464598661297029
0.3,C3_raw,19,0.5035035035035035,0.5781905869521539,0.8800569920282474,0.6216831442581978
0.3,C3_raw,20,0.5085085085085085,0.4163610247088249,0.8726705454558972,0.7006598385137137
0.3,C3_raw,21,0.5175175175175175,0.17484293385085517,0.8552946205792151,0.3879375422594901
0.3,C3_raw,22,0.5095095095095095,1.8679105030963612,0.886959642448713,0.7585559927984128
0.3,C3_raw,23,0.5075075075075075,0.2791587936094146,0.8493414973041449,0.7048337347120294
0.3,C3_raw,24,0.5115115115115115,0.7951984953412577,0.9037849857283283,0.8219034698940434
0.3,C3_raw,25,0.5235235235235235,1.199225106807001,0.8736181120085874,0.7207920540428864
0.3,C3_raw,26,0.5095095095095095,0.3673506184558131,0.8800361146343609,0.6907370666052758
0.3,C3_raw,27,0.5145145145145145,0.9532560620132878,0.8631079764310438,0.22328513975812656
0.3,C3_raw,28,0.5085085085085085,0.46028149428533743,0.859006985257735,0.745863971135287
0.3,C3_raw,29,0.5085085085085085,0.6829538055839015,0.8796925995514225,0.6933447034634506
0.3,C3_raw,30,0.5205205205205206,1.6246479338554227,0.8576317153872257,0.7091727255178938
0.3,C3_raw,31,0.5135135135135135,1.0473425683915942,0.8813491609864097,0.7748437767025919
0.3,C3_raw,32,0.5185185185185185,0.9175064292917611,0.8783893946261476,0.8039346155402407
0.3,C3_raw,33,0.5175175175175175,1.9132788526099043,0.8615149867355986,0.7528469381283083
0.3,C3_raw,34,0.5245245245245245,0.2806156099538301,0.8905443797022524,0.7441531870068487
0.3,C3_raw,35,0.5195195195195195,0.5585340078873807,0.8733769947526414,0.29518046350002475
0.3,C3_raw,36,0.5205205205205206,0.4349812069403107,0.85121798437983,0.733162839697419
0.3,C3_raw,37,0.5185185185185185,1.0471640925049794,0.8761159188577783,0.8215978089418664
0.3,C3_raw,38,0.5005005005005005,3.033217232720304,0.8598115937267237,0.7706711651173815
0.3,C3_raw,39,0.5075075075075075,0.5680249663314196,0.8880257878076541,0.710880487730731
0.5,C3_EMA,0,0.3333333333333333,0.6119535745296825,2.0196228276575,0.7918647310883095
0.5,C3_EMA,1,0.33633633633633636,0.4652525769121009,1.9808602892196285,0.7106476262433677
0.5,C3_EMA,2,0.36036036036036034,0.9523774454661561,1.9294088393508972,0.8044706753658972
0.5,C3_EMA,3,0.34234234234234234,0.0771020917203491,2.032906990083562,0.8306440006893672
0.5,C3_EMA,4,0.34534534534534533,0.35235719191975784,2.046502749955734,0.8284260470819356
0.5,C3_EMA,5,0.34234234234234234,0.5802255678870781,1.9339621908997005,0.7852974402816315
0.5,C3_EMA,6,0.35535535535535534,1.6316383562095471,2.0801239176101087,0.808049295050484
0.5,C3_EMA,7,0.34134134134134136,0.11455952748754722,2.009545098262115,0.7915353243531904
0.5,C3_EMA,8,0.3483483483483483,0.8623117824111955,1.964956626086647,0.810139572754766
0.5,C3_EMA,9,0.3353353353353353,1.0495527650809182,1.9656605162298801,0.8151221554208776
0.5,C3_EMA,10,0.3663663663663664,0.9877606046705454,2.1204182322683844,0.7875697208445567
0.5,C3_EMA,11,0.33133133133133136,0.17021117099455454,2.0628901661825703,0.8268467307870885
0.5,C3_EMA,12,0.33233233233233234,2.2605004397503725,2.0075239608199786,0.8389025183706218
0.5,C3_EMA,13,0.33633633633633636,0.30864733878036277,2.046832225352807,0.8269120117452796
0.5,C3_EMA,14,0.33733733733733734,0.6342384199505694,2.0319138032102977,0.8661567108986902
0.5,C3_EMA,15,0.34534534534534533,1.9235505253662768,1.9363186560727175,0.7976297985254335
0.5,C3_EMA,16,0.35135135135135137,0.07601501418570619,2.0566689595835297,0.8200650083167244
0.5,C3_EMA,17,0.35235235235235235,8.655929120493656,1.9839963797024622,0.8163387241301421
0.5,C3_EMA,18,0.33133133133133136,2.3434483250993985,1.994713205412457,0.7913981302009727
0.5,C3_EMA,19,0.33633633633633636,0.19557487494794365,2.000790398008141,0.8279306675002993
0.5,C3_EMA,20,0.3483483483483483,0.6622553656284453,2.0614207120501233,0.8017950273878722
0.5,C3_EMA,21,0.34034034034034033,0.1333483384035999,2.0084191981643653,0.7827636644677699
0.5,C3_EMA,22,0.35235235235235235,2.1489994293820676,1.9665992929736698,0.8103327137729566
0.5,C3_EMA,23,0.3383383383383383,1.8785065739332119,1.9965754195921241,0.8359800663307222
0.5,C3_EMA,24,0.33933933933933935,0.24068909456346768,2.137994024451296,0.8142008269954469
0.5,C3_EMA,25,0.35235235235235235,1.3793746677489502,2.007465218887154,0.7902029013142504
0.5,C3_EMA,26,0.3533533533533533,0.24866497255293474,1.9974140982271416,0.7762983826165368
0.5,C3_EMA,27,0.33633633633633636,0.6068240642175526,1.903608634402792,0.7674013327463652
0.5,C3_EMA,28,0.34434434434434436,0.22178375594646912,1.8991504520470022,0.8617295487909581
0.5,C3_EMA,29,0.34934934934934936,1.3448794099076369,2.036388379947097,0.8069725833795429
0.5,C3_EMA,30,0.34734734734734735,2.022801190294995,1.877496253358363,0.8033293631579536
0.5,C3_EMA,31,0.36036036036036034,24.052225737785605,1.9564826042595942,0.7851729379116716
0.5,C3_EMA,32,0.33433433433433435,0.42484224697904444,2.0511777404665423,0.812966382345924
0.5,C3_EMA,33,0.34134134134134136,1.3813000338838708,2.029211111147583,0.7769643710612861
0.5,C3_EMA,34,0.35135135135135137,0.30750257267368575,1.9708925995881568,0.858599387267248
0.5,C3_EMA,35,0.33633633633633636,0.6995854790447774,2.001698126566959,0.7909023480571564
0.5,C3_EMA,36,0.33233233233233234,0.1279866060889139,2.0989025951329476,0.8292931432745471
0.5,C3_EMA,37,0.33233233233233234,2.0850315770558945,2.0354445361426725,0.8277129497423372
0.5,C3_EMA,38,0.34134134134134136,0.17706267829428074,2.0624517460069574,0.8234552766450335
0.5,C3_EMA,39,0.35235235235235235,6.635172649684949,1.976891181142599,0.7935129891443978
0.5,C3_raw,0,0.5215215215215215,0.574454906618157,1.1435987899184012,0.6934820707883742
0.5,C3_raw,1,0.5145145145145145,0.6863356922515804,1.1406118336111568,0.7106371840199011
0.5,C3_raw,2,0.5145145145145145,0.3133689012886853,1.1303069927982063,0.7858850004221504
0.5,C3_raw,3,0.5085085085085085,0.8894290179184682,1.1038202459808317,0.8142066744035674
0.5,C3_raw,4,0.5185185185185185,0.3252469888154826,1.1475708231129618,0.7844968731539868
0.5,C3_raw,5,0.5045045045045045,0.6964319083822852,1.0970473583018465,0.30498409650160685
0.5,C3_raw,6,0.4904904904904905,0.40831714945876796,1.1852819074166852,0.7491464918362342
0.5,C3_raw,7,0.5105105105105106,0.46284610816263305,1.1284424763514924,0.7732279651392359
0.5,C3_raw,8,0.5105105105105106,0.48235305230125247,1.152106552548698,0.7350657719395168
0.5,C3_raw,9,0.5105105105105106,0.8400383138148513,1.1124717210687132,0.8077041446891756
0.5,C3_raw,10,0.5095095095095095,0.4880998430579537,1.1344992514861878,0.7671674692920749
0.5,C3_raw,11,0.5225225225225225,0.5193801723495337,1.1346171680348132,0.779456603739676
0.5,C3_raw,12,0.5065065065065065,2.903940133718489,1.0560898125659655,0.6015586686577563
0.5,C3_raw,13,0.5025025025025025,0.5378030385486537,1.1296648868058419,0.4394752312199426
0.5,C3_raw,14,0.5145145145145145,2.410908158780515,1.139837928318186,0.7355460975668947
0.5,C3_raw,15,0.5225225225225225,0.8435542454829644,1.0472742391197014,0.754489027228124
0.5,C3_raw,16,0.5065065065065065,0.3046989488517103,1.1639192099493845,0.6453857243572708
0.5,C3_raw,17,0.5195195195195195,2.113807365598281,1.1227418705772636,0.555096539563356
0.5,C3_raw,18,0.5125125125125125,0.7950519944822724,1.0941877842738366,0.7651295123394184
0.5,C3_raw,19,0.5115115115115115,0.4494642038638545,1.062364985880999,0.647957710868762
0.5,C3_raw,20,0.5105105105105106,2.400420554550853,1.112000585358594,0.7792582228246944
0.5,C3_raw,21,0.5165165165165165,0.34577045617969765,1.1101106281996544,0.5549500854807002
0.5,C3_raw,22,0.5055055055055055,1.8685221829654173,1.1222947040262214,0.7455368685166966
0.5,C3_raw,23,0.5125125125125125,0.6768271236881539,1.0636281651782225,0.7124645749206237
0.5,C3_raw,24,0.5115115115115115,0.8030585305990985,1.1260140429010257,0.8057712099245226
0.5,C3_raw,25,0.5215215215215215,0.740645784977962,1.126371055839314,0.7071749706079786
0.5,C3_raw,26,0.5105105105105106,0.6866822732222927,1.1059169282098238,0.6859691678534494
0.5,C3_raw,27,0.5095095095095095,1.3232086922265367,1.0841904177645647,0.30061510240405115
0.5,C3_raw,28,0.5055055055055055,0.4696856890908617,1.089622240240569,0.6948196615780451
0.5,C3_raw,29,0.5055055055055055,0.4468231045375344,1.1666050946601987,0.751602783000792
0.5,C3_raw,30,0.5125125125125125,1.7342867174083567,1.1000776525868814,0.7344523828877191
0.5,C3_raw,31,0.5115115115115115,0.45602163107478205,1.1042183426644046,0.7330520191753742
0.5,C3_raw,32,0.5165165165165165,1.0369139799836222,1.0936899995124567,0.7998696802496124
0.5,C3_raw,33,0.5145145145145145,1.6786042695036307,1.1044088651627904,0.7686862579046629
0.5,C3_raw,34,0.5035035035035035,0.5960832886416598,1.1165182425095193,0.7699628596379294
0.5,C3_raw,35,0.5305305305305306,0.9695829727146011,1.1389833010287498,0.35040867558191335
0.5,C3_raw,36,0.5225225225225225,0.4149988479168653,1.1345240295339636,0.7619782834399966
0.5,C3_raw,37,0.5155155155155156,1.170435786636906,1.113238354833775,0.8401208826610058
0.5,C3_raw,38,0.5125125125125125,2.6870145552289415,1.06483555522375,0.7551443446688647
0.5,C3_raw,39,0.5125125125125125,0.46257252116735054,1.1067156691206947,0.7643747557035503
